<?xml version="1.0" encoding="UTF-8"?>
<metadata xml:lang="en"><Esri><CreaDate>20130925</CreaDate><CreaTime>04521800</CreaTime><SyncOnce>FALSE</SyncOnce><DataProperties><lineage><Process ToolSource="c:\program files (x86)\arcgis\desktop10.1\ArcToolbox\Toolboxes\Editing Tools.tbx\Generalize" Date="20130918" Time="095355">Generalize G:\WorkSpace\DroughtMonitor\Edited_RAW\usdm030325\Drought_Areas_US_D0.shp "100 Feet"</Process><Process ToolSource="c:\program files (x86)\arcgis\desktop10.1\ArcToolbox\Toolboxes\Data Management Tools.tbx\CopyFeatures" Date="20130925" Time="042016">CopyFeatures \\seca\f\OperationalProcessing\DroughtMonitor\raw\NeedUpdate4\usdm030325\Drought_Areas_US_D0.shp \\seca\f\OperationalProcessing\DroughtMonitor\processed\20030325\20030325.gdb\usdm_D0_P # 0 0 0</Process><Process ToolSource="c:\program files (x86)\arcgis\desktop10.1\ArcToolbox\Toolboxes\Data Management Tools.tbx\Merge" Date="20130925" Time="042158">Merge \\seca\f\OperationalProcessing\DroughtMonitor\processed\20030325\20030325.gdb\usdm_D0_P;\\seca\f\OperationalProcessing\DroughtMonitor\processed\20030325\20030325.gdb\usdm_D1_P \\seca\f\OperationalProcessing\DroughtMonitor\processed\20030325\20030325.gdb\usdm_D0_M "Id "Id" true true false 4 Long 0 0 ,First,#,\\seca\f\OperationalProcessing\DroughtMonitor\processed\20030325\20030325.gdb\usdm_D0_P,Id,-1,-1,\\seca\f\OperationalProcessing\DroughtMonitor\processed\20030325\20030325.gdb\usdm_D1_P,Id,-1,-1;Shape_Length "Shape_Length" false true true 8 Double 0 0 ,First,#,\\seca\f\OperationalProcessing\DroughtMonitor\processed\20030325\20030325.gdb\usdm_D0_P,Shape_Length,-1,-1,\\seca\f\OperationalProcessing\DroughtMonitor\processed\20030325\20030325.gdb\usdm_D1_P,Shape_Length,-1,-1;Shape_Area "Shape_Area" false true true 8 Double 0 0 ,First,#,\\seca\f\OperationalProcessing\DroughtMonitor\processed\20030325\20030325.gdb\usdm_D0_P,Shape_Area,-1,-1,\\seca\f\OperationalProcessing\DroughtMonitor\processed\20030325\20030325.gdb\usdm_D1_P,Shape_Area,-1,-1"</Process><Process ToolSource="c:\program files (x86)\arcgis\desktop10.1\ArcToolbox\Toolboxes\Data Management Tools.tbx\Dissolve" Date="20130925" Time="042240">Dissolve \\seca\f\OperationalProcessing\DroughtMonitor\processed\20030325\20030325.gdb\usdm_D0_M \\seca\f\OperationalProcessing\DroughtMonitor\processed\20030325\20030325.gdb\usdm_D0_D # # MULTI_PART DISSOLVE_LINES</Process><Process ToolSource="c:\program files (x86)\arcgis\desktop10.1\ArcToolbox\Toolboxes\Data Management Tools.tbx\AddField" Date="20130925" Time="042346">AddField \\seca\f\OperationalProcessing\DroughtMonitor\processed\20030325\20030325.gdb\usdm_D0_D DM SHORT # # # "USDM Drought Level" NULLABLE NON_REQUIRED #</Process><Process ToolSource="c:\program files (x86)\arcgis\desktop10.1\ArcToolbox\Toolboxes\Data Management Tools.tbx\CalculateField" Date="20130925" Time="042406">CalculateField \\seca\f\OperationalProcessing\DroughtMonitor\processed\20030325\20030325.gdb\usdm_D0_D DM 0 PYTHON #</Process><Process ToolSource="c:\program files (x86)\arcgis\desktop10.1\ArcToolbox\Toolboxes\Analysis Tools.tbx\Erase" Date="20130925" Time="042450">Erase \\seca\f\OperationalProcessing\DroughtMonitor\processed\20030325\20030325.gdb\usdm_D0_D \\seca\f\OperationalProcessing\DroughtMonitor\processed\20030325\20030325.gdb\usdm_D1_D \\seca\f\OperationalProcessing\DroughtMonitor\processed\20030325\20030325.gdb\usdm_D0_E #</Process><Process ToolSource="c:\program files (x86)\arcgis\desktop10.1\ArcToolbox\Toolboxes\Data Management Tools.tbx\Merge" Date="20130925" Time="042555">Merge \\seca\f\OperationalProcessing\DroughtMonitor\processed\20030325\20030325.gdb\usdm_D0_E;\\seca\f\OperationalProcessing\DroughtMonitor\processed\20030325\20030325.gdb\usdm_D1_E;\\seca\f\OperationalProcessing\DroughtMonitor\processed\20030325\20030325.gdb\usdm_D2_E;\\seca\f\OperationalProcessing\DroughtMonitor\processed\20030325\20030325.gdb\usdm_D3_E;\\seca\f\OperationalProcessing\DroughtMonitor\processed\20030325\20030325.gdb\usdm_D4_D \\seca\f\OperationalProcessing\DroughtMonitor\processed\20030325\20030325.gdb\usdm_RAW_M "DM "USDM Drought Level" true true false 2 Short 0 0 ,First,#,\\seca\f\OperationalProcessing\DroughtMonitor\processed\20030325\20030325.gdb\usdm_D0_E,DM,-1,-1,\\seca\f\OperationalProcessing\DroughtMonitor\processed\20030325\20030325.gdb\usdm_D1_E,DM,-1,-1,\\seca\f\OperationalProcessing\DroughtMonitor\processed\20030325\20030325.gdb\usdm_D2_E,DM,-1,-1,\\seca\f\OperationalProcessing\DroughtMonitor\processed\20030325\20030325.gdb\usdm_D3_E,DM,-1,-1,\\seca\f\OperationalProcessing\DroughtMonitor\processed\20030325\20030325.gdb\usdm_D4_D,DM,-1,-1;Shape_Length "Shape_Length" false true true 8 Double 0 0 ,First,#,\\seca\f\OperationalProcessing\DroughtMonitor\processed\20030325\20030325.gdb\usdm_D0_E,Shape_Length,-1,-1,\\seca\f\OperationalProcessing\DroughtMonitor\processed\20030325\20030325.gdb\usdm_D1_E,Shape_Length,-1,-1,\\seca\f\OperationalProcessing\DroughtMonitor\processed\20030325\20030325.gdb\usdm_D2_E,Shape_Length,-1,-1,\\seca\f\OperationalProcessing\DroughtMonitor\processed\20030325\20030325.gdb\usdm_D3_E,Shape_Length,-1,-1,\\seca\f\OperationalProcessing\DroughtMonitor\processed\20030325\20030325.gdb\usdm_D4_D,Shape_Length,-1,-1;Shape_Area "Shape_Area" false true true 8 Double 0 0 ,First,#,\\seca\f\OperationalProcessing\DroughtMonitor\processed\20030325\20030325.gdb\usdm_D0_E,Shape_Area,-1,-1,\\seca\f\OperationalProcessing\DroughtMonitor\processed\20030325\20030325.gdb\usdm_D1_E,Shape_Area,-1,-1,\\seca\f\OperationalProcessing\DroughtMonitor\processed\20030325\20030325.gdb\usdm_D2_E,Shape_Area,-1,-1,\\seca\f\OperationalProcessing\DroughtMonitor\processed\20030325\20030325.gdb\usdm_D3_E,Shape_Area,-1,-1,\\seca\f\OperationalProcessing\DroughtMonitor\processed\20030325\20030325.gdb\usdm_D4_D,Shape_Area,-1,-1"</Process><Process ToolSource="c:\program files (x86)\arcgis\desktop10.1\ArcToolbox\Toolboxes\Analysis Tools.tbx\Clip" Date="20130925" Time="042654">Clip \\seca\f\OperationalProcessing\DroughtMonitor\processed\20030325\20030325.gdb\usdm_RAW_M \\seca\f\OperationalProcessing\DroughtMonitor\Basedata\counties_detailed.shp \\seca\f\OperationalProcessing\DroughtMonitor\processed\20030325\20030325.gdb\usdm_detailed_MC #</Process><Process ToolSource="c:\program files (x86)\arcgis\desktop10.1\ArcToolbox\Toolboxes\Data Management Tools.tbx\Project" Date="20130925" Time="045218">Project \\seca\f\OperationalProcessing\DroughtMonitor\processed\20030325\20030325.gdb\usdm_detailed_MC \\seca\f\OperationalProcessing\DroughtMonitor\data\shapefiles_m\USDM_20030325.shp GEOGCS['GCS_WGS_1984',DATUM['D_WGS_1984',SPHEROID['WGS_1984',6378137.0,298.257223563]],PRIMEM['Greenwich',0.0],UNIT['Degree',0.0174532925199433],METADATA['World',-180.0,-90.0,180.0,90.0,0.0,0.0174532925199433,0.0,1262]] WGS_1984_(ITRF00)_To_NAD_1983 PROJCS['USA_Contiguous_Albers_Equal_Area_Conic',GEOGCS['GCS_North_American_1983',DATUM['D_North_American_1983',SPHEROID['GRS_1980',6378137.0,298.257222101]],PRIMEM['Greenwich',0.0],UNIT['Degree',0.0174532925199433]],PROJECTION['Albers'],PARAMETER['False_Easting',0.0],PARAMETER['False_Northing',0.0],PARAMETER['central_meridian',-96.0],PARAMETER['Standard_Parallel_1',29.5],PARAMETER['Standard_Parallel_2',45.5],PARAMETER['latitude_of_origin',37.5],UNIT['Meter',1.0]]</Process></lineage><itemProps><itemName Sync="TRUE">usdm_detailed_MC</itemName><imsContentType Sync="TRUE">002</imsContentType><itemLocation><linkage Sync="TRUE">file://\\seca\f\OperationalProcessing\DroughtMonitor\processed\20030325\20030325.gdb</linkage><protocol Sync="TRUE">Local Area Network</protocol></itemLocation></itemProps><coordRef><type Sync="TRUE">Projected</type><geogcsn Sync="TRUE">GCS_North_American_1983</geogcsn><csUnits Sync="TRUE">Linear Unit: Meter (1.000000)</csUnits><projcsn Sync="TRUE">USA_Contiguous_Albers_Equal_Area_Conic</projcsn><peXml Sync="TRUE">&lt;ProjectedCoordinateSystem xsi:type='typens:ProjectedCoordinateSystem' xmlns:xsi='http://www.w3.org/2001/XMLSchema-instance' xmlns:xs='http://www.w3.org/2001/XMLSchema' xmlns:typens='http://www.esri.com/schemas/ArcGIS/10.1'&gt;&lt;WKT&gt;PROJCS[&amp;quot;USA_Contiguous_Albers_Equal_Area_Conic&amp;quot;,GEOGCS[&amp;quot;GCS_North_American_1983&amp;quot;,DATUM[&amp;quot;D_North_American_1983&amp;quot;,SPHEROID[&amp;quot;GRS_1980&amp;quot;,6378137.0,298.257222101]],PRIMEM[&amp;quot;Greenwich&amp;quot;,0.0],UNIT[&amp;quot;Degree&amp;quot;,0.0174532925199433]],PROJECTION[&amp;quot;Albers&amp;quot;],PARAMETER[&amp;quot;False_Easting&amp;quot;,0.0],PARAMETER[&amp;quot;False_Northing&amp;quot;,0.0],PARAMETER[&amp;quot;central_meridian&amp;quot;,-96.0],PARAMETER[&amp;quot;Standard_Parallel_1&amp;quot;,29.5],PARAMETER[&amp;quot;Standard_Parallel_2&amp;quot;,45.5],PARAMETER[&amp;quot;latitude_of_origin&amp;quot;,37.5],UNIT[&amp;quot;Meter&amp;quot;,1.0],AUTHORITY[&amp;quot;ESRI&amp;quot;,102003]]&lt;/WKT&gt;&lt;XOrigin&gt;-16901100&lt;/XOrigin&gt;&lt;YOrigin&gt;-8579000&lt;/YOrigin&gt;&lt;XYScale&gt;10000&lt;/XYScale&gt;&lt;ZOrigin&gt;-100000&lt;/ZOrigin&gt;&lt;ZScale&gt;10000&lt;/ZScale&gt;&lt;MOrigin&gt;-100000&lt;/MOrigin&gt;&lt;MScale&gt;10000&lt;/MScale&gt;&lt;XYTolerance&gt;0.001&lt;/XYTolerance&gt;&lt;ZTolerance&gt;0.001&lt;/ZTolerance&gt;&lt;MTolerance&gt;0.001&lt;/MTolerance&gt;&lt;HighPrecision&gt;true&lt;/HighPrecision&gt;&lt;WKID&gt;102003&lt;/WKID&gt;&lt;LatestWKID&gt;102003&lt;/LatestWKID&gt;&lt;/ProjectedCoordinateSystem&gt;</peXml></coordRef></DataProperties><SyncDate>20130925</SyncDate><SyncTime>04264800</SyncTime><ModDate>20130925</ModDate><ModTime>04264800</ModTime><ArcGISFormat>1.0</ArcGISFormat></Esri><idinfo><citation><citeinfo><onlink Sync="TRUE">\\SNR-0812\D$\DM\2003\drmon0325\Drought_Areas_US_D0</onlink></citeinfo></citation></idinfo><distInfo><distributor><distorTran><onLineSrc><linkage Sync="TRUE">file://\\SNR-0812\D$\DM\2003\drmon0325\Drought_Areas_US_D0</linkage><protocol Sync="TRUE">Local Area Network</protocol></onLineSrc></distorTran></distributor><distFormat><formatName Sync="TRUE">File Geodatabase Feature Class</formatName></distFormat></distInfo><dataqual><lineage><procstep><procdesc Sync="TRUE">Dataset copied.</procdesc><srcused Sync="TRUE">D:\DM\2003\drmon1223\Drought_Areas_US_D0</srcused><date Sync="TRUE">20070124</date><time Sync="TRUE">15572200</time></procstep></lineage></dataqual><dataIdInfo><envirDesc Sync="TRUE">Microsoft Windows 7 Version 6.1 (Build 7601) Service Pack 1; Esri ArcGIS 10.1.0.3035</envirDesc><dataLang><languageCode value="eng" Sync="TRUE"></languageCode><countryCode value="USA" Sync="TRUE"></countryCode></dataLang><idCitation><resTitle Sync="TRUE">usdm_detailed_MC</resTitle><presForm><PresFormCd value="005" Sync="TRUE"></PresFormCd></presForm></idCitation><spatRpType><SpatRepTypCd value="001" Sync="TRUE"></SpatRepTypCd></spatRpType></dataIdInfo><mdLang><languageCode value="eng" Sync="TRUE"></languageCode><countryCode value="USA" Sync="TRUE"></countryCode></mdLang><mdHrLv><ScopeCd value="005" Sync="TRUE"></ScopeCd></mdHrLv><mdHrLvName Sync="TRUE">dataset</mdHrLvName><refSysInfo><RefSystem><refSysID><identCode code="102003" Sync="TRUE" value="102003"></identCode><idCodeSpace Sync="TRUE">ESRI</idCodeSpace><idVersion Sync="TRUE">10.1.0</idVersion></refSysID></RefSystem></refSysInfo><spatRepInfo><VectSpatRep><geometObjs Name="usdm_detailed_MC"><geoObjTyp><GeoObjTypCd value="002" Sync="TRUE"></GeoObjTypCd></geoObjTyp><geoObjCnt Sync="TRUE">0</geoObjCnt></geometObjs><topLvl><TopoLevCd value="001" Sync="TRUE"></TopoLevCd></topLvl></VectSpatRep></spatRepInfo><spdoinfo><ptvctinf><esriterm Name="usdm_detailed_MC"><efeatyp Sync="TRUE">Simple</efeatyp><efeageom code="4" Sync="TRUE"></efeageom><esritopo Sync="TRUE">FALSE</esritopo><efeacnt Sync="TRUE">0</efeacnt><spindex Sync="TRUE">TRUE</spindex><linrefer Sync="TRUE">FALSE</linrefer></esriterm></ptvctinf></spdoinfo><eainfo><detailed Name="usdm_detailed_MC"><enttyp><enttypl Sync="TRUE">usdm_detailed_MC</enttypl><enttypt Sync="TRUE">Feature Class</enttypt><enttypc Sync="TRUE">0</enttypc></enttyp><attr><attrlabl Sync="TRUE">OBJECTID</attrlabl><attalias Sync="TRUE">OBJECTID</attalias><attrtype Sync="TRUE">OID</attrtype><attwidth Sync="TRUE">4</attwidth><atprecis Sync="TRUE">0</atprecis><attscale Sync="TRUE">0</attscale><attrdef Sync="TRUE">Internal feature number.</attrdef><attrdefs Sync="TRUE">Esri</attrdefs><attrdomv><udom Sync="TRUE">Sequential unique whole numbers that are automatically generated.</udom></attrdomv></attr><attr><attrlabl Sync="TRUE">Shape</attrlabl><attalias Sync="TRUE">Shape</attalias><attrtype Sync="TRUE">Geometry</attrtype><attwidth Sync="TRUE">0</attwidth><atprecis Sync="TRUE">0</atprecis><attscale Sync="TRUE">0</attscale><attrdef Sync="TRUE">Feature geometry.</attrdef><attrdefs Sync="TRUE">Esri</attrdefs><attrdomv><udom Sync="TRUE">Coordinates defining the features.</udom></attrdomv></attr><attr><attrlabl Sync="TRUE">DM</attrlabl><attalias Sync="TRUE">USDM Drought Level</attalias><attrtype Sync="TRUE">SmallInteger</attrtype><attwidth Sync="TRUE">2</attwidth><atprecis Sync="TRUE">0</atprecis><attscale Sync="TRUE">0</attscale></attr><attr><attrlabl Sync="TRUE">Shape_Length</attrlabl><attalias Sync="TRUE">Shape_Length</attalias><attrtype Sync="TRUE">Double</attrtype><attwidth Sync="TRUE">8</attwidth><atprecis Sync="TRUE">0</atprecis><attscale Sync="TRUE">0</attscale><attrdef Sync="TRUE">Length of feature in internal units.</attrdef><attrdefs Sync="TRUE">Esri</attrdefs><attrdomv><udom Sync="TRUE">Positive real numbers that are automatically generated.</udom></attrdomv></attr><attr><attrlabl Sync="TRUE">Shape_Area</attrlabl><attalias Sync="TRUE">Shape_Area</attalias><attrtype Sync="TRUE">Double</attrtype><attwidth Sync="TRUE">8</attwidth><atprecis Sync="TRUE">0</atprecis><attscale Sync="TRUE">0</attscale><attrdef Sync="TRUE">Area of feature in internal units squared.</attrdef><attrdefs Sync="TRUE">Esri</attrdefs><attrdomv><udom Sync="TRUE">Positive real numbers that are automatically generated.</udom></attrdomv></attr></detailed></eainfo><mdDateSt Sync="TRUE">20130925</mdDateSt></metadata>
