<?xml version="1.0" encoding="UTF-8"?>
<metadata xml:lang="en"><Esri><CreaDate>20181017</CreaDate><CreaTime>17231500</CreaTime><ArcGISFormat>1.0</ArcGISFormat><SyncOnce>FALSE</SyncOnce><DataProperties><lineage><Process ToolSource="c:\program files (x86)\arcgis\desktop10.5\ArcToolbox\Toolboxes\Data Management Tools.tbx\Project" Date="20180627" Time="192208">Project \\ndmc-011\p1$\Production\USDM\raw\usdm20180626\Drought_Areas_US_D0.shp \\ndmc-011\p1$\Production\USDM\processed\20180626.gdb\usdm_D0_P PROJCS['USA_Contiguous_Albers_Equal_Area_Conic',GEOGCS['GCS_North_American_1983',DATUM['D_North_American_1983',SPHEROID['GRS_1980',6378137.0,298.257222101]],PRIMEM['Greenwich',0.0],UNIT['Degree',0.0174532925199433]],PROJECTION['Albers'],PARAMETER['False_Easting',0.0],PARAMETER['False_Northing',0.0],PARAMETER['Central_Meridian',-96.0],PARAMETER['Standard_Parallel_1',29.5],PARAMETER['Standard_Parallel_2',45.5],PARAMETER['Latitude_Of_Origin',37.5],UNIT['Meter',1.0]] WGS_1984_(ITRF00)_To_NAD_1983 GEOGCS['GCS_WGS_1984',DATUM['D_WGS_1984',SPHEROID['WGS_1984',6378137.0,298.257223563]],PRIMEM['Greenwich',0.0],UNIT['Degree',0.0174532925199433]] NO_PRESERVE_SHAPE # NO_VERTICAL</Process><Process ToolSource="c:\program files (x86)\arcgis\desktop10.5\ArcToolbox\Toolboxes\Data Management Tools.tbx\Merge" Date="20180627" Time="192237">Merge \\ndmc-011\p1$\Production\USDM\processed\20180626.gdb\usdm_D0_P;\\ndmc-011\p1$\Production\USDM\processed\20180626.gdb\usdm_D1_P \\ndmc-011\p1$\Production\USDM\processed\20180626.gdb\usdm_D0_M "OBJECTID "OBJECTID" true true false 4 Long 0 0 ,First,#,\\ndmc-011\p1$\Production\USDM\processed\20180626.gdb\usdm_D0_P,OBJECTID,-1,-1,\\ndmc-011\p1$\Production\USDM\processed\20180626.gdb\usdm_D1_P,OBJECTID,-1,-1;Shape_Leng "Shape_Leng" true true false 8 Double 0 0 ,First,#,\\ndmc-011\p1$\Production\USDM\processed\20180626.gdb\usdm_D0_P,Shape_Leng,-1,-1,\\ndmc-011\p1$\Production\USDM\processed\20180626.gdb\usdm_D1_P,Shape_Leng,-1,-1;DM "DM" true true false 4 Long 0 0 ,First,#,\\ndmc-011\p1$\Production\USDM\processed\20180626.gdb\usdm_D0_P,DM,-1,-1,\\ndmc-011\p1$\Production\USDM\processed\20180626.gdb\usdm_D1_P,DM,-1,-1;ORIG_FID "ORIG_FID" true true false 4 Long 0 0 ,First,#,\\ndmc-011\p1$\Production\USDM\processed\20180626.gdb\usdm_D0_P,ORIG_FID,-1,-1,\\ndmc-011\p1$\Production\USDM\processed\20180626.gdb\usdm_D1_P,ORIG_FID,-1,-1;Shape_Length "Shape_Length" false true true 8 Double 0 0 ,First,#,\\ndmc-011\p1$\Production\USDM\processed\20180626.gdb\usdm_D0_P,Shape_Length,-1,-1,\\ndmc-011\p1$\Production\USDM\processed\20180626.gdb\usdm_D1_P,Shape_Length,-1,-1;Shape_Area "Shape_Area" false true true 8 Double 0 0 ,First,#,\\ndmc-011\p1$\Production\USDM\processed\20180626.gdb\usdm_D0_P,Shape_Area,-1,-1,\\ndmc-011\p1$\Production\USDM\processed\20180626.gdb\usdm_D1_P,Shape_Area,-1,-1"</Process><Process ToolSource="c:\program files (x86)\arcgis\desktop10.5\ArcToolbox\Toolboxes\Data Management Tools.tbx\Dissolve" Date="20180627" Time="192248">Dissolve \\ndmc-011\p1$\Production\USDM\processed\20180626.gdb\usdm_D0_M \\ndmc-011\p1$\Production\USDM\processed\20180626.gdb\usdm_D0_D # # MULTI_PART DISSOLVE_LINES</Process><Process ToolSource="c:\program files (x86)\arcgis\desktop10.5\ArcToolbox\Toolboxes\Data Management Tools.tbx\AddField" Date="20180627" Time="192308">AddField \\ndmc-011\p1$\Production\USDM\processed\20180626.gdb\usdm_D0_D DM SHORT # # # "USDM Drought Level" NULLABLE NON_REQUIRED #</Process><Process ToolSource="c:\program files (x86)\arcgis\desktop10.5\ArcToolbox\Toolboxes\Data Management Tools.tbx\CalculateField" Date="20180627" Time="192313">CalculateField \\ndmc-011\p1$\Production\USDM\processed\20180626.gdb\usdm_D0_D DM 0 PYTHON #</Process><Process ToolSource="c:\program files (x86)\arcgis\desktop10.4\ArcToolbox\Toolboxes\Data Management Tools.tbx\Project" Date="20180628" Time="010441">Project E:\P1\Production\USDM\processed\20180626.gdb\usdm_D0_D E:\P1\Production\USDM\output\data\shapefiles_r\Drought_Areas_US_D0p.shp GEOGCS['GCS_WGS_1984',DATUM['D_WGS_1984',SPHEROID['WGS_1984',6378137.0,298.257223563]],PRIMEM['Greenwich',0.0],UNIT['Degree',0.0174532925199433]] NAD_1983_To_WGS_1984_1 PROJCS['USA_Contiguous_Albers_Equal_Area_Conic',GEOGCS['GCS_North_American_1983',DATUM['D_North_American_1983',SPHEROID['GRS_1980',6378137.0,298.257222101]],PRIMEM['Greenwich',0.0],UNIT['Degree',0.0174532925199433]],PROJECTION['Albers'],PARAMETER['False_Easting',0.0],PARAMETER['False_Northing',0.0],PARAMETER['Central_Meridian',-96.0],PARAMETER['Standard_Parallel_1',29.5],PARAMETER['Standard_Parallel_2',45.5],PARAMETER['Latitude_Of_Origin',37.5],UNIT['Meter',1.0]] NO_PRESERVE_SHAPE # NO_VERTICAL</Process><Process ToolSource="c:\program files (x86)\arcgis\desktop10.4\ArcToolbox\Toolboxes\Data Management Tools.tbx\MultipartToSinglepart" Date="20180628" Time="010441">MultipartToSinglepart E:\P1\Production\USDM\output\data\shapefiles_r\Drought_Areas_US_D0p.shp E:\P1\Production\USDM\output\data\shapefiles_r\Drought_Areas_US_D0.shp</Process><Process ToolSource="c:\program files (x86)\arcgis\desktop10.4\ArcToolbox\Toolboxes\Data Management Tools.tbx\Project" Date="20180703" Time="185054">Project E:\P1\Production\USDM\raw\usdm20180703\Drought_Areas_US_D0.shp E:\P1\Production\USDM\processed\20180703.gdb\usdm_D0_P PROJCS['USA_Contiguous_Albers_Equal_Area_Conic',GEOGCS['GCS_North_American_1983',DATUM['D_North_American_1983',SPHEROID['GRS_1980',6378137.0,298.257222101]],PRIMEM['Greenwich',0.0],UNIT['Degree',0.0174532925199433]],PROJECTION['Albers'],PARAMETER['False_Easting',0.0],PARAMETER['False_Northing',0.0],PARAMETER['Central_Meridian',-96.0],PARAMETER['Standard_Parallel_1',29.5],PARAMETER['Standard_Parallel_2',45.5],PARAMETER['Latitude_Of_Origin',37.5],UNIT['Meter',1.0]] WGS_1984_(ITRF00)_To_NAD_1983 GEOGCS['GCS_WGS_1984',DATUM['D_WGS_1984',SPHEROID['WGS_1984',6378137.0,298.257223563]],PRIMEM['Greenwich',0.0],UNIT['Degree',0.0174532925199433]] NO_PRESERVE_SHAPE # NO_VERTICAL</Process><Process ToolSource="c:\program files (x86)\arcgis\desktop10.4\ArcToolbox\Toolboxes\Data Management Tools.tbx\Merge" Date="20180703" Time="185103">Merge E:\P1\Production\USDM\processed\20180703.gdb\usdm_D0_P;E:\P1\Production\USDM\processed\20180703.gdb\usdm_D1_P E:\P1\Production\USDM\processed\20180703.gdb\usdm_D0_M "OBJECTID "OBJECTID" true true false 4 Long 0 0 ,First,#,E:\P1\Production\USDM\processed\20180703.gdb\usdm_D0_P,OBJECTID,-1,-1,E:\P1\Production\USDM\processed\20180703.gdb\usdm_D1_P,OBJECTID,-1,-1;Shape_Leng "Shape_Leng" true true false 8 Double 0 0 ,First,#,E:\P1\Production\USDM\processed\20180703.gdb\usdm_D0_P,Shape_Leng,-1,-1,E:\P1\Production\USDM\processed\20180703.gdb\usdm_D1_P,Shape_Leng,-1,-1;DM "DM" true true false 4 Long 0 0 ,First,#,E:\P1\Production\USDM\processed\20180703.gdb\usdm_D0_P,DM,-1,-1,E:\P1\Production\USDM\processed\20180703.gdb\usdm_D1_P,DM,-1,-1;ORIG_FID "ORIG_FID" true true false 4 Long 0 0 ,First,#,E:\P1\Production\USDM\processed\20180703.gdb\usdm_D0_P,ORIG_FID,-1,-1,E:\P1\Production\USDM\processed\20180703.gdb\usdm_D1_P,ORIG_FID,-1,-1;Shape_Length "Shape_Length" false true true 8 Double 0 0 ,First,#,E:\P1\Production\USDM\processed\20180703.gdb\usdm_D0_P,Shape_Length,-1,-1,E:\P1\Production\USDM\processed\20180703.gdb\usdm_D1_P,Shape_Length,-1,-1;Shape_Area "Shape_Area" false true true 8 Double 0 0 ,First,#,E:\P1\Production\USDM\processed\20180703.gdb\usdm_D0_P,Shape_Area,-1,-1,E:\P1\Production\USDM\processed\20180703.gdb\usdm_D1_P,Shape_Area,-1,-1"</Process><Process ToolSource="c:\program files (x86)\arcgis\desktop10.4\ArcToolbox\Toolboxes\Data Management Tools.tbx\Dissolve" Date="20180703" Time="185107">Dissolve E:\P1\Production\USDM\processed\20180703.gdb\usdm_D0_M E:\P1\Production\USDM\processed\20180703.gdb\usdm_D0_D # # MULTI_PART DISSOLVE_LINES</Process><Process ToolSource="c:\program files (x86)\arcgis\desktop10.4\ArcToolbox\Toolboxes\Data Management Tools.tbx\AddField" Date="20180703" Time="185114">AddField E:\P1\Production\USDM\processed\20180703.gdb\usdm_D0_D DM SHORT # # # "USDM Drought Level" NULLABLE NON_REQUIRED #</Process><Process ToolSource="c:\program files (x86)\arcgis\desktop10.4\ArcToolbox\Toolboxes\Data Management Tools.tbx\CalculateField" Date="20180703" Time="185116">CalculateField E:\P1\Production\USDM\processed\20180703.gdb\usdm_D0_D DM 0 PYTHON #</Process><Process ToolSource="c:\program files (x86)\arcgis\desktop10.4\ArcToolbox\Toolboxes\Data Management Tools.tbx\Project" Date="20180703" Time="225142">Project E:\P1\Production\USDM\processed\20180703.gdb\usdm_D0_D E:\P1\Production\USDM\output\data\shapefiles_r\Drought_Areas_US_D0p.shp GEOGCS['GCS_WGS_1984',DATUM['D_WGS_1984',SPHEROID['WGS_1984',6378137.0,298.257223563]],PRIMEM['Greenwich',0.0],UNIT['Degree',0.0174532925199433]] WGS_1984_(ITRF00)_To_NAD_1983 PROJCS['USA_Contiguous_Albers_Equal_Area_Conic',GEOGCS['GCS_North_American_1983',DATUM['D_North_American_1983',SPHEROID['GRS_1980',6378137.0,298.257222101]],PRIMEM['Greenwich',0.0],UNIT['Degree',0.0174532925199433]],PROJECTION['Albers'],PARAMETER['False_Easting',0.0],PARAMETER['False_Northing',0.0],PARAMETER['Central_Meridian',-96.0],PARAMETER['Standard_Parallel_1',29.5],PARAMETER['Standard_Parallel_2',45.5],PARAMETER['Latitude_Of_Origin',37.5],UNIT['Meter',1.0]] NO_PRESERVE_SHAPE # NO_VERTICAL</Process><Process ToolSource="c:\program files (x86)\arcgis\desktop10.4\ArcToolbox\Toolboxes\Data Management Tools.tbx\MultipartToSinglepart" Date="20180703" Time="225142">MultipartToSinglepart E:\P1\Production\USDM\output\data\shapefiles_r\Drought_Areas_US_D0p.shp E:\P1\Production\USDM\output\data\shapefiles_r\Drought_Areas_US_D0.shp</Process><Process ToolSource="c:\program files (x86)\arcgis\desktop10.4\ArcToolbox\Toolboxes\Data Management Tools.tbx\Project" Date="20180711" Time="144924">Project E:\P1\Production\USDM\raw\usdm20180710\Drought_Areas_US_D0.shp E:\P1\Production\USDM\processed\20180710.gdb\usdm_D0_P PROJCS['USA_Contiguous_Albers_Equal_Area_Conic',GEOGCS['GCS_North_American_1983',DATUM['D_North_American_1983',SPHEROID['GRS_1980',6378137.0,298.257222101]],PRIMEM['Greenwich',0.0],UNIT['Degree',0.0174532925199433]],PROJECTION['Albers'],PARAMETER['False_Easting',0.0],PARAMETER['False_Northing',0.0],PARAMETER['Central_Meridian',-96.0],PARAMETER['Standard_Parallel_1',29.5],PARAMETER['Standard_Parallel_2',45.5],PARAMETER['Latitude_Of_Origin',37.5],UNIT['Meter',1.0]] NAD_1983_To_WGS_1984_1 GEOGCS['GCS_WGS_1984',DATUM['D_WGS_1984',SPHEROID['WGS_1984',6378137.0,298.257223563]],PRIMEM['Greenwich',0.0],UNIT['Degree',0.0174532925199433]] NO_PRESERVE_SHAPE # NO_VERTICAL</Process><Process ToolSource="c:\program files (x86)\arcgis\desktop10.4\ArcToolbox\Toolboxes\Data Management Tools.tbx\Merge" Date="20180711" Time="144933">Merge E:\P1\Production\USDM\processed\20180710.gdb\usdm_D0_P;E:\P1\Production\USDM\processed\20180710.gdb\usdm_D1_P E:\P1\Production\USDM\processed\20180710.gdb\usdm_D0_M "OBJECTID "OBJECTID" true true false 4 Long 0 0 ,First,#,E:\P1\Production\USDM\processed\20180710.gdb\usdm_D0_P,OBJECTID,-1,-1,E:\P1\Production\USDM\processed\20180710.gdb\usdm_D1_P,OBJECTID,-1,-1;Shape_Leng "Shape_Leng" true true false 8 Double 0 0 ,First,#,E:\P1\Production\USDM\processed\20180710.gdb\usdm_D0_P,Shape_Leng,-1,-1,E:\P1\Production\USDM\processed\20180710.gdb\usdm_D1_P,Shape_Leng,-1,-1;DM "DM" true true false 4 Long 0 0 ,First,#,E:\P1\Production\USDM\processed\20180710.gdb\usdm_D0_P,DM,-1,-1,E:\P1\Production\USDM\processed\20180710.gdb\usdm_D1_P,DM,-1,-1;ORIG_FID "ORIG_FID" true true false 4 Long 0 0 ,First,#,E:\P1\Production\USDM\processed\20180710.gdb\usdm_D0_P,ORIG_FID,-1,-1,E:\P1\Production\USDM\processed\20180710.gdb\usdm_D1_P,ORIG_FID,-1,-1;Shape_Length "Shape_Length" false true true 8 Double 0 0 ,First,#,E:\P1\Production\USDM\processed\20180710.gdb\usdm_D0_P,Shape_Length,-1,-1,E:\P1\Production\USDM\processed\20180710.gdb\usdm_D1_P,Shape_Length,-1,-1;Shape_Area "Shape_Area" false true true 8 Double 0 0 ,First,#,E:\P1\Production\USDM\processed\20180710.gdb\usdm_D0_P,Shape_Area,-1,-1,E:\P1\Production\USDM\processed\20180710.gdb\usdm_D1_P,Shape_Area,-1,-1"</Process><Process ToolSource="c:\program files (x86)\arcgis\desktop10.4\ArcToolbox\Toolboxes\Data Management Tools.tbx\Dissolve" Date="20180711" Time="144936">Dissolve E:\P1\Production\USDM\processed\20180710.gdb\usdm_D0_M E:\P1\Production\USDM\processed\20180710.gdb\usdm_D0_D # # MULTI_PART DISSOLVE_LINES</Process><Process ToolSource="c:\program files (x86)\arcgis\desktop10.4\ArcToolbox\Toolboxes\Data Management Tools.tbx\AddField" Date="20180711" Time="144942">AddField E:\P1\Production\USDM\processed\20180710.gdb\usdm_D0_D DM SHORT # # # "USDM Drought Level" NULLABLE NON_REQUIRED #</Process><Process ToolSource="c:\program files (x86)\arcgis\desktop10.4\ArcToolbox\Toolboxes\Data Management Tools.tbx\CalculateField" Date="20180711" Time="144943">CalculateField E:\P1\Production\USDM\processed\20180710.gdb\usdm_D0_D DM 0 PYTHON #</Process><Process ToolSource="c:\program files (x86)\arcgis\desktop10.4\ArcToolbox\Toolboxes\Data Management Tools.tbx\Project" Date="20180711" Time="153757">Project E:\P1\Production\USDM\processed\20180710.gdb\usdm_D0_D E:\P1\Production\USDM\output\data\shapefiles_r\Drought_Areas_US_D0p.shp GEOGCS['GCS_WGS_1984',DATUM['D_WGS_1984',SPHEROID['WGS_1984',6378137.0,298.257223563]],PRIMEM['Greenwich',0.0],UNIT['Degree',0.0174532925199433]] NAD_1983_To_WGS_1984_1 PROJCS['USA_Contiguous_Albers_Equal_Area_Conic',GEOGCS['GCS_North_American_1983',DATUM['D_North_American_1983',SPHEROID['GRS_1980',6378137.0,298.257222101]],PRIMEM['Greenwich',0.0],UNIT['Degree',0.0174532925199433]],PROJECTION['Albers'],PARAMETER['False_Easting',0.0],PARAMETER['False_Northing',0.0],PARAMETER['Central_Meridian',-96.0],PARAMETER['Standard_Parallel_1',29.5],PARAMETER['Standard_Parallel_2',45.5],PARAMETER['Latitude_Of_Origin',37.5],UNIT['Meter',1.0]] NO_PRESERVE_SHAPE # NO_VERTICAL</Process><Process ToolSource="c:\program files (x86)\arcgis\desktop10.4\ArcToolbox\Toolboxes\Data Management Tools.tbx\MultipartToSinglepart" Date="20180711" Time="153757">MultipartToSinglepart E:\P1\Production\USDM\output\data\shapefiles_r\Drought_Areas_US_D0p.shp E:\P1\Production\USDM\output\data\shapefiles_r\Drought_Areas_US_D0.shp</Process><Process ToolSource="c:\program files (x86)\arcgis\desktop10.4\ArcToolbox\Toolboxes\Data Management Tools.tbx\Project" Date="20180718" Time="163723">Project E:\P1\Production\USDM\raw\usdm20180717\Drought_Areas_US_D0.shp E:\P1\Production\USDM\processed\20180717.gdb\usdm_D0_P PROJCS['USA_Contiguous_Albers_Equal_Area_Conic',GEOGCS['GCS_North_American_1983',DATUM['D_North_American_1983',SPHEROID['GRS_1980',6378137.0,298.257222101]],PRIMEM['Greenwich',0.0],UNIT['Degree',0.0174532925199433]],PROJECTION['Albers'],PARAMETER['False_Easting',0.0],PARAMETER['False_Northing',0.0],PARAMETER['Central_Meridian',-96.0],PARAMETER['Standard_Parallel_1',29.5],PARAMETER['Standard_Parallel_2',45.5],PARAMETER['Latitude_Of_Origin',37.5],UNIT['Meter',1.0]] NAD_1983_To_WGS_1984_1 GEOGCS['GCS_WGS_1984',DATUM['D_WGS_1984',SPHEROID['WGS_1984',6378137.0,298.257223563]],PRIMEM['Greenwich',0.0],UNIT['Degree',0.0174532925199433]] NO_PRESERVE_SHAPE # NO_VERTICAL</Process><Process ToolSource="c:\program files (x86)\arcgis\desktop10.4\ArcToolbox\Toolboxes\Data Management Tools.tbx\Merge" Date="20180718" Time="163733">Merge E:\P1\Production\USDM\processed\20180717.gdb\usdm_D0_P;E:\P1\Production\USDM\processed\20180717.gdb\usdm_D1_P E:\P1\Production\USDM\processed\20180717.gdb\usdm_D0_M "OBJECTID "OBJECTID" true true false 4 Long 0 0 ,First,#,E:\P1\Production\USDM\processed\20180717.gdb\usdm_D0_P,OBJECTID,-1,-1,E:\P1\Production\USDM\processed\20180717.gdb\usdm_D1_P,OBJECTID,-1,-1;Shape_Leng "Shape_Leng" true true false 8 Double 0 0 ,First,#,E:\P1\Production\USDM\processed\20180717.gdb\usdm_D0_P,Shape_Leng,-1,-1,E:\P1\Production\USDM\processed\20180717.gdb\usdm_D1_P,Shape_Leng,-1,-1;DM "DM" true true false 4 Long 0 0 ,First,#,E:\P1\Production\USDM\processed\20180717.gdb\usdm_D0_P,DM,-1,-1,E:\P1\Production\USDM\processed\20180717.gdb\usdm_D1_P,DM,-1,-1;ORIG_FID "ORIG_FID" true true false 4 Long 0 0 ,First,#,E:\P1\Production\USDM\processed\20180717.gdb\usdm_D0_P,ORIG_FID,-1,-1,E:\P1\Production\USDM\processed\20180717.gdb\usdm_D1_P,ORIG_FID,-1,-1;Shape_Length "Shape_Length" false true true 8 Double 0 0 ,First,#,E:\P1\Production\USDM\processed\20180717.gdb\usdm_D0_P,Shape_Length,-1,-1,E:\P1\Production\USDM\processed\20180717.gdb\usdm_D1_P,Shape_Length,-1,-1;Shape_Area "Shape_Area" false true true 8 Double 0 0 ,First,#,E:\P1\Production\USDM\processed\20180717.gdb\usdm_D0_P,Shape_Area,-1,-1,E:\P1\Production\USDM\processed\20180717.gdb\usdm_D1_P,Shape_Area,-1,-1"</Process><Process ToolSource="c:\program files (x86)\arcgis\desktop10.4\ArcToolbox\Toolboxes\Data Management Tools.tbx\Dissolve" Date="20180718" Time="163737">Dissolve E:\P1\Production\USDM\processed\20180717.gdb\usdm_D0_M E:\P1\Production\USDM\processed\20180717.gdb\usdm_D0_D # # MULTI_PART DISSOLVE_LINES</Process><Process ToolSource="c:\program files (x86)\arcgis\desktop10.4\ArcToolbox\Toolboxes\Data Management Tools.tbx\AddField" Date="20180718" Time="163744">AddField E:\P1\Production\USDM\processed\20180717.gdb\usdm_D0_D DM SHORT # # # "USDM Drought Level" NULLABLE NON_REQUIRED #</Process><Process ToolSource="c:\program files (x86)\arcgis\desktop10.4\ArcToolbox\Toolboxes\Data Management Tools.tbx\CalculateField" Date="20180718" Time="163745">CalculateField E:\P1\Production\USDM\processed\20180717.gdb\usdm_D0_D DM 0 PYTHON #</Process><Process ToolSource="c:\program files (x86)\arcgis\desktop10.4\ArcToolbox\Toolboxes\Data Management Tools.tbx\Project" Date="20180718" Time="174510">Project E:\P1\Production\USDM\processed\20180717.gdb\usdm_D0_D E:\P1\Production\USDM\output\data\shapefiles_r\Drought_Areas_US_D0p.shp GEOGCS['GCS_WGS_1984',DATUM['D_WGS_1984',SPHEROID['WGS_1984',6378137.0,298.257223563]],PRIMEM['Greenwich',0.0],UNIT['Degree',0.0174532925199433]] NAD_1983_To_WGS_1984_1 PROJCS['USA_Contiguous_Albers_Equal_Area_Conic',GEOGCS['GCS_North_American_1983',DATUM['D_North_American_1983',SPHEROID['GRS_1980',6378137.0,298.257222101]],PRIMEM['Greenwich',0.0],UNIT['Degree',0.0174532925199433]],PROJECTION['Albers'],PARAMETER['False_Easting',0.0],PARAMETER['False_Northing',0.0],PARAMETER['Central_Meridian',-96.0],PARAMETER['Standard_Parallel_1',29.5],PARAMETER['Standard_Parallel_2',45.5],PARAMETER['Latitude_Of_Origin',37.5],UNIT['Meter',1.0]] NO_PRESERVE_SHAPE # NO_VERTICAL</Process><Process ToolSource="c:\program files (x86)\arcgis\desktop10.4\ArcToolbox\Toolboxes\Data Management Tools.tbx\MultipartToSinglepart" Date="20180718" Time="174510">MultipartToSinglepart E:\P1\Production\USDM\output\data\shapefiles_r\Drought_Areas_US_D0p.shp E:\P1\Production\USDM\output\data\shapefiles_r\Drought_Areas_US_D0.shp</Process><Process ToolSource="c:\program files (x86)\arcgis\desktop10.4\ArcToolbox\Toolboxes\Data Management Tools.tbx\Project" Date="20180725" Time="155515">Project E:\P1\Production\USDM\raw\usdm20180724\Drought_Areas_US_D0.shp E:\P1\Production\USDM\processed\20180724.gdb\usdm_D0_P PROJCS['USA_Contiguous_Albers_Equal_Area_Conic',GEOGCS['GCS_North_American_1983',DATUM['D_North_American_1983',SPHEROID['GRS_1980',6378137.0,298.257222101]],PRIMEM['Greenwich',0.0],UNIT['Degree',0.0174532925199433]],PROJECTION['Albers'],PARAMETER['False_Easting',0.0],PARAMETER['False_Northing',0.0],PARAMETER['Central_Meridian',-96.0],PARAMETER['Standard_Parallel_1',29.5],PARAMETER['Standard_Parallel_2',45.5],PARAMETER['Latitude_Of_Origin',37.5],UNIT['Meter',1.0]] NAD_1983_To_WGS_1984_1 GEOGCS['GCS_WGS_1984',DATUM['D_WGS_1984',SPHEROID['WGS_1984',6378137.0,298.257223563]],PRIMEM['Greenwich',0.0],UNIT['Degree',0.0174532925199433]] NO_PRESERVE_SHAPE # NO_VERTICAL</Process><Process ToolSource="c:\program files (x86)\arcgis\desktop10.4\ArcToolbox\Toolboxes\Data Management Tools.tbx\Merge" Date="20180725" Time="155525">Merge E:\P1\Production\USDM\processed\20180724.gdb\usdm_D0_P;E:\P1\Production\USDM\processed\20180724.gdb\usdm_D1_P E:\P1\Production\USDM\processed\20180724.gdb\usdm_D0_M "OBJECTID "OBJECTID" true true false 4 Long 0 0 ,First,#,E:\P1\Production\USDM\processed\20180724.gdb\usdm_D0_P,OBJECTID,-1,-1,E:\P1\Production\USDM\processed\20180724.gdb\usdm_D1_P,OBJECTID,-1,-1;Shape_Leng "Shape_Leng" true true false 8 Double 0 0 ,First,#,E:\P1\Production\USDM\processed\20180724.gdb\usdm_D0_P,Shape_Leng,-1,-1,E:\P1\Production\USDM\processed\20180724.gdb\usdm_D1_P,Shape_Leng,-1,-1;DM "DM" true true false 4 Long 0 0 ,First,#,E:\P1\Production\USDM\processed\20180724.gdb\usdm_D0_P,DM,-1,-1,E:\P1\Production\USDM\processed\20180724.gdb\usdm_D1_P,DM,-1,-1;ORIG_FID "ORIG_FID" true true false 4 Long 0 0 ,First,#,E:\P1\Production\USDM\processed\20180724.gdb\usdm_D0_P,ORIG_FID,-1,-1,E:\P1\Production\USDM\processed\20180724.gdb\usdm_D1_P,ORIG_FID,-1,-1;Shape_Length "Shape_Length" false true true 8 Double 0 0 ,First,#,E:\P1\Production\USDM\processed\20180724.gdb\usdm_D0_P,Shape_Length,-1,-1,E:\P1\Production\USDM\processed\20180724.gdb\usdm_D1_P,Shape_Length,-1,-1;Shape_Area "Shape_Area" false true true 8 Double 0 0 ,First,#,E:\P1\Production\USDM\processed\20180724.gdb\usdm_D0_P,Shape_Area,-1,-1,E:\P1\Production\USDM\processed\20180724.gdb\usdm_D1_P,Shape_Area,-1,-1"</Process><Process ToolSource="c:\program files (x86)\arcgis\desktop10.4\ArcToolbox\Toolboxes\Data Management Tools.tbx\Dissolve" Date="20180725" Time="155530">Dissolve E:\P1\Production\USDM\processed\20180724.gdb\usdm_D0_M E:\P1\Production\USDM\processed\20180724.gdb\usdm_D0_D # # MULTI_PART DISSOLVE_LINES</Process><Process ToolSource="c:\program files (x86)\arcgis\desktop10.4\ArcToolbox\Toolboxes\Data Management Tools.tbx\AddField" Date="20180725" Time="155536">AddField E:\P1\Production\USDM\processed\20180724.gdb\usdm_D0_D DM SHORT # # # "USDM Drought Level" NULLABLE NON_REQUIRED #</Process><Process ToolSource="c:\program files (x86)\arcgis\desktop10.4\ArcToolbox\Toolboxes\Data Management Tools.tbx\CalculateField" Date="20180725" Time="155538">CalculateField E:\P1\Production\USDM\processed\20180724.gdb\usdm_D0_D DM 0 PYTHON #</Process><Process ToolSource="c:\program files (x86)\arcgis\desktop10.4\ArcToolbox\Toolboxes\Data Management Tools.tbx\Project" Date="20180725" Time="170031">Project E:\P1\Production\USDM\processed\20180724.gdb\usdm_D0_D E:\P1\Production\USDM\output\data\shapefiles_r\Drought_Areas_US_D0p.shp GEOGCS['GCS_WGS_1984',DATUM['D_WGS_1984',SPHEROID['WGS_1984',6378137.0,298.257223563]],PRIMEM['Greenwich',0.0],UNIT['Degree',0.0174532925199433]] NAD_1983_To_WGS_1984_1 PROJCS['USA_Contiguous_Albers_Equal_Area_Conic',GEOGCS['GCS_North_American_1983',DATUM['D_North_American_1983',SPHEROID['GRS_1980',6378137.0,298.257222101]],PRIMEM['Greenwich',0.0],UNIT['Degree',0.0174532925199433]],PROJECTION['Albers'],PARAMETER['False_Easting',0.0],PARAMETER['False_Northing',0.0],PARAMETER['Central_Meridian',-96.0],PARAMETER['Standard_Parallel_1',29.5],PARAMETER['Standard_Parallel_2',45.5],PARAMETER['Latitude_Of_Origin',37.5],UNIT['Meter',1.0]] NO_PRESERVE_SHAPE # NO_VERTICAL</Process><Process ToolSource="c:\program files (x86)\arcgis\desktop10.4\ArcToolbox\Toolboxes\Data Management Tools.tbx\MultipartToSinglepart" Date="20180725" Time="170031">MultipartToSinglepart E:\P1\Production\USDM\output\data\shapefiles_r\Drought_Areas_US_D0p.shp E:\P1\Production\USDM\output\data\shapefiles_r\Drought_Areas_US_D0.shp</Process><Process ToolSource="c:\program files (x86)\arcgis\desktop10.4\ArcToolbox\Toolboxes\Data Management Tools.tbx\Project" Date="20180801" Time="162208">Project E:\P1\Production\USDM\raw\usdm20180731\Drought_Areas_US_D0.shp E:\P1\Production\USDM\processed\20180731.gdb\usdm_D0_P PROJCS['USA_Contiguous_Albers_Equal_Area_Conic',GEOGCS['GCS_North_American_1983',DATUM['D_North_American_1983',SPHEROID['GRS_1980',6378137.0,298.257222101]],PRIMEM['Greenwich',0.0],UNIT['Degree',0.0174532925199433]],PROJECTION['Albers'],PARAMETER['False_Easting',0.0],PARAMETER['False_Northing',0.0],PARAMETER['Central_Meridian',-96.0],PARAMETER['Standard_Parallel_1',29.5],PARAMETER['Standard_Parallel_2',45.5],PARAMETER['Latitude_Of_Origin',37.5],UNIT['Meter',1.0]] NAD_1983_To_WGS_1984_1 GEOGCS['GCS_WGS_1984',DATUM['D_WGS_1984',SPHEROID['WGS_1984',6378137.0,298.257223563]],PRIMEM['Greenwich',0.0],UNIT['Degree',0.0174532925199433]] NO_PRESERVE_SHAPE # NO_VERTICAL</Process><Process ToolSource="c:\program files (x86)\arcgis\desktop10.4\ArcToolbox\Toolboxes\Data Management Tools.tbx\Merge" Date="20180801" Time="162217">Merge E:\P1\Production\USDM\processed\20180731.gdb\usdm_D0_P;E:\P1\Production\USDM\processed\20180731.gdb\usdm_D1_P E:\P1\Production\USDM\processed\20180731.gdb\usdm_D0_M "OBJECTID "OBJECTID" true true false 4 Long 0 0 ,First,#,E:\P1\Production\USDM\processed\20180731.gdb\usdm_D0_P,OBJECTID,-1,-1,E:\P1\Production\USDM\processed\20180731.gdb\usdm_D1_P,OBJECTID,-1,-1;Shape_Leng "Shape_Leng" true true false 8 Double 0 0 ,First,#,E:\P1\Production\USDM\processed\20180731.gdb\usdm_D0_P,Shape_Leng,-1,-1,E:\P1\Production\USDM\processed\20180731.gdb\usdm_D1_P,Shape_Leng,-1,-1;DM "DM" true true false 4 Long 0 0 ,First,#,E:\P1\Production\USDM\processed\20180731.gdb\usdm_D0_P,DM,-1,-1,E:\P1\Production\USDM\processed\20180731.gdb\usdm_D1_P,DM,-1,-1;ORIG_FID "ORIG_FID" true true false 4 Long 0 0 ,First,#,E:\P1\Production\USDM\processed\20180731.gdb\usdm_D0_P,ORIG_FID,-1,-1,E:\P1\Production\USDM\processed\20180731.gdb\usdm_D1_P,ORIG_FID,-1,-1;Shape_Length "Shape_Length" false true true 8 Double 0 0 ,First,#,E:\P1\Production\USDM\processed\20180731.gdb\usdm_D0_P,Shape_Length,-1,-1,E:\P1\Production\USDM\processed\20180731.gdb\usdm_D1_P,Shape_Length,-1,-1;Shape_Area "Shape_Area" false true true 8 Double 0 0 ,First,#,E:\P1\Production\USDM\processed\20180731.gdb\usdm_D0_P,Shape_Area,-1,-1,E:\P1\Production\USDM\processed\20180731.gdb\usdm_D1_P,Shape_Area,-1,-1"</Process><Process ToolSource="c:\program files (x86)\arcgis\desktop10.4\ArcToolbox\Toolboxes\Data Management Tools.tbx\Dissolve" Date="20180801" Time="162220">Dissolve E:\P1\Production\USDM\processed\20180731.gdb\usdm_D0_M E:\P1\Production\USDM\processed\20180731.gdb\usdm_D0_D # # MULTI_PART DISSOLVE_LINES</Process><Process ToolSource="c:\program files (x86)\arcgis\desktop10.4\ArcToolbox\Toolboxes\Data Management Tools.tbx\AddField" Date="20180801" Time="162227">AddField E:\P1\Production\USDM\processed\20180731.gdb\usdm_D0_D DM SHORT # # # "USDM Drought Level" NULLABLE NON_REQUIRED #</Process><Process ToolSource="c:\program files (x86)\arcgis\desktop10.4\ArcToolbox\Toolboxes\Data Management Tools.tbx\CalculateField" Date="20180801" Time="162228">CalculateField E:\P1\Production\USDM\processed\20180731.gdb\usdm_D0_D DM 0 PYTHON #</Process><Process ToolSource="c:\program files (x86)\arcgis\desktop10.4\ArcToolbox\Toolboxes\Data Management Tools.tbx\Project" Date="20180801" Time="173424">Project E:\P1\Production\USDM\processed\20180731.gdb\usdm_D0_D E:\P1\Production\USDM\output\data\shapefiles_r\Drought_Areas_US_D0p.shp GEOGCS['GCS_WGS_1984',DATUM['D_WGS_1984',SPHEROID['WGS_1984',6378137.0,298.257223563]],PRIMEM['Greenwich',0.0],UNIT['Degree',0.0174532925199433]] NAD_1983_To_WGS_1984_1 PROJCS['USA_Contiguous_Albers_Equal_Area_Conic',GEOGCS['GCS_North_American_1983',DATUM['D_North_American_1983',SPHEROID['GRS_1980',6378137.0,298.257222101]],PRIMEM['Greenwich',0.0],UNIT['Degree',0.0174532925199433]],PROJECTION['Albers'],PARAMETER['False_Easting',0.0],PARAMETER['False_Northing',0.0],PARAMETER['Central_Meridian',-96.0],PARAMETER['Standard_Parallel_1',29.5],PARAMETER['Standard_Parallel_2',45.5],PARAMETER['Latitude_Of_Origin',37.5],UNIT['Meter',1.0]] NO_PRESERVE_SHAPE # NO_VERTICAL</Process><Process ToolSource="c:\program files (x86)\arcgis\desktop10.4\ArcToolbox\Toolboxes\Data Management Tools.tbx\MultipartToSinglepart" Date="20180801" Time="173424">MultipartToSinglepart E:\P1\Production\USDM\output\data\shapefiles_r\Drought_Areas_US_D0p.shp E:\P1\Production\USDM\output\data\shapefiles_r\Drought_Areas_US_D0.shp</Process><Process ToolSource="c:\program files (x86)\arcgis\desktop10.4\ArcToolbox\Toolboxes\Data Management Tools.tbx\Project" Date="20180809" Time="011351">Project E:\P1\Production\USDM\raw\usdm20180807\Drought_Areas_US_D0.shp E:\P1\Production\USDM\processed\20180807.gdb\usdm_D0_P PROJCS['USA_Contiguous_Albers_Equal_Area_Conic',GEOGCS['GCS_North_American_1983',DATUM['D_North_American_1983',SPHEROID['GRS_1980',6378137.0,298.257222101]],PRIMEM['Greenwich',0.0],UNIT['Degree',0.0174532925199433]],PROJECTION['Albers'],PARAMETER['False_Easting',0.0],PARAMETER['False_Northing',0.0],PARAMETER['Central_Meridian',-96.0],PARAMETER['Standard_Parallel_1',29.5],PARAMETER['Standard_Parallel_2',45.5],PARAMETER['Latitude_Of_Origin',37.5],UNIT['Meter',1.0]] NAD_1983_To_WGS_1984_1 GEOGCS['GCS_WGS_1984',DATUM['D_WGS_1984',SPHEROID['WGS_1984',6378137.0,298.257223563]],PRIMEM['Greenwich',0.0],UNIT['Degree',0.0174532925199433]] NO_PRESERVE_SHAPE # NO_VERTICAL</Process><Process ToolSource="c:\program files (x86)\arcgis\desktop10.4\ArcToolbox\Toolboxes\Data Management Tools.tbx\Merge" Date="20180809" Time="011400">Merge E:\P1\Production\USDM\processed\20180807.gdb\usdm_D0_P;E:\P1\Production\USDM\processed\20180807.gdb\usdm_D1_P E:\P1\Production\USDM\processed\20180807.gdb\usdm_D0_M "OBJECTID "OBJECTID" true true false 4 Long 0 0 ,First,#,E:\P1\Production\USDM\processed\20180807.gdb\usdm_D0_P,OBJECTID,-1,-1,E:\P1\Production\USDM\processed\20180807.gdb\usdm_D1_P,OBJECTID,-1,-1;Shape_Leng "Shape_Leng" true true false 8 Double 0 0 ,First,#,E:\P1\Production\USDM\processed\20180807.gdb\usdm_D0_P,Shape_Leng,-1,-1,E:\P1\Production\USDM\processed\20180807.gdb\usdm_D1_P,Shape_Leng,-1,-1;DM "DM" true true false 4 Long 0 0 ,First,#,E:\P1\Production\USDM\processed\20180807.gdb\usdm_D0_P,DM,-1,-1,E:\P1\Production\USDM\processed\20180807.gdb\usdm_D1_P,DM,-1,-1;ORIG_FID "ORIG_FID" true true false 4 Long 0 0 ,First,#,E:\P1\Production\USDM\processed\20180807.gdb\usdm_D0_P,ORIG_FID,-1,-1,E:\P1\Production\USDM\processed\20180807.gdb\usdm_D1_P,ORIG_FID,-1,-1;Shape_Length "Shape_Length" false true true 8 Double 0 0 ,First,#,E:\P1\Production\USDM\processed\20180807.gdb\usdm_D0_P,Shape_Length,-1,-1,E:\P1\Production\USDM\processed\20180807.gdb\usdm_D1_P,Shape_Length,-1,-1;Shape_Area "Shape_Area" false true true 8 Double 0 0 ,First,#,E:\P1\Production\USDM\processed\20180807.gdb\usdm_D0_P,Shape_Area,-1,-1,E:\P1\Production\USDM\processed\20180807.gdb\usdm_D1_P,Shape_Area,-1,-1"</Process><Process ToolSource="c:\program files (x86)\arcgis\desktop10.4\ArcToolbox\Toolboxes\Data Management Tools.tbx\Dissolve" Date="20180809" Time="011403">Dissolve E:\P1\Production\USDM\processed\20180807.gdb\usdm_D0_M E:\P1\Production\USDM\processed\20180807.gdb\usdm_D0_D # # MULTI_PART DISSOLVE_LINES</Process><Process ToolSource="c:\program files (x86)\arcgis\desktop10.4\ArcToolbox\Toolboxes\Data Management Tools.tbx\AddField" Date="20180809" Time="011410">AddField E:\P1\Production\USDM\processed\20180807.gdb\usdm_D0_D DM SHORT # # # "USDM Drought Level" NULLABLE NON_REQUIRED #</Process><Process ToolSource="c:\program files (x86)\arcgis\desktop10.4\ArcToolbox\Toolboxes\Data Management Tools.tbx\CalculateField" Date="20180809" Time="011412">CalculateField E:\P1\Production\USDM\processed\20180807.gdb\usdm_D0_D DM 0 PYTHON #</Process><Process ToolSource="c:\program files (x86)\arcgis\desktop10.4\ArcToolbox\Toolboxes\Data Management Tools.tbx\Project" Date="20180809" Time="072047">Project E:\P1\Production\USDM\processed\20180807.gdb\usdm_D0_D E:\P1\Production\USDM\output\data\shapefiles_r\Drought_Areas_US_D0p.shp GEOGCS['GCS_WGS_1984',DATUM['D_WGS_1984',SPHEROID['WGS_1984',6378137.0,298.257223563]],PRIMEM['Greenwich',0.0],UNIT['Degree',0.0174532925199433]] WGS_1984_(ITRF00)_To_NAD_1983 PROJCS['USA_Contiguous_Albers_Equal_Area_Conic',GEOGCS['GCS_North_American_1983',DATUM['D_North_American_1983',SPHEROID['GRS_1980',6378137.0,298.257222101]],PRIMEM['Greenwich',0.0],UNIT['Degree',0.0174532925199433]],PROJECTION['Albers'],PARAMETER['False_Easting',0.0],PARAMETER['False_Northing',0.0],PARAMETER['Central_Meridian',-96.0],PARAMETER['Standard_Parallel_1',29.5],PARAMETER['Standard_Parallel_2',45.5],PARAMETER['Latitude_Of_Origin',37.5],UNIT['Meter',1.0]] NO_PRESERVE_SHAPE # NO_VERTICAL</Process><Process ToolSource="c:\program files (x86)\arcgis\desktop10.4\ArcToolbox\Toolboxes\Data Management Tools.tbx\MultipartToSinglepart" Date="20180809" Time="072047">MultipartToSinglepart E:\P1\Production\USDM\output\data\shapefiles_r\Drought_Areas_US_D0p.shp E:\P1\Production\USDM\output\data\shapefiles_r\Drought_Areas_US_D0.shp</Process><Process ToolSource="c:\program files (x86)\arcgis\desktop10.4\ArcToolbox\Toolboxes\Data Management Tools.tbx\Project" Date="20180815" Time="190932">Project E:\P1\Production\USDM\raw\usdm20180814\Drought_Areas_US_D0.shp E:\P1\Production\USDM\processed\20180814.gdb\usdm_D0_P PROJCS['USA_Contiguous_Albers_Equal_Area_Conic',GEOGCS['GCS_North_American_1983',DATUM['D_North_American_1983',SPHEROID['GRS_1980',6378137.0,298.257222101]],PRIMEM['Greenwich',0.0],UNIT['Degree',0.0174532925199433]],PROJECTION['Albers'],PARAMETER['False_Easting',0.0],PARAMETER['False_Northing',0.0],PARAMETER['Central_Meridian',-96.0],PARAMETER['Standard_Parallel_1',29.5],PARAMETER['Standard_Parallel_2',45.5],PARAMETER['Latitude_Of_Origin',37.5],UNIT['Meter',1.0]] NAD_1983_To_WGS_1984_1 GEOGCS['GCS_WGS_1984',DATUM['D_WGS_1984',SPHEROID['WGS_1984',6378137.0,298.257223563]],PRIMEM['Greenwich',0.0],UNIT['Degree',0.0174532925199433]] NO_PRESERVE_SHAPE # NO_VERTICAL</Process><Process ToolSource="c:\program files (x86)\arcgis\desktop10.4\ArcToolbox\Toolboxes\Data Management Tools.tbx\Merge" Date="20180815" Time="190941">Merge E:\P1\Production\USDM\processed\20180814.gdb\usdm_D0_P;E:\P1\Production\USDM\processed\20180814.gdb\usdm_D1_P E:\P1\Production\USDM\processed\20180814.gdb\usdm_D0_M "OBJECTID "OBJECTID" true true false 4 Long 0 0 ,First,#,E:\P1\Production\USDM\processed\20180814.gdb\usdm_D0_P,OBJECTID,-1,-1,E:\P1\Production\USDM\processed\20180814.gdb\usdm_D1_P,OBJECTID,-1,-1;Shape_Leng "Shape_Leng" true true false 8 Double 0 0 ,First,#,E:\P1\Production\USDM\processed\20180814.gdb\usdm_D0_P,Shape_Leng,-1,-1,E:\P1\Production\USDM\processed\20180814.gdb\usdm_D1_P,Shape_Leng,-1,-1;DM "DM" true true false 4 Long 0 0 ,First,#,E:\P1\Production\USDM\processed\20180814.gdb\usdm_D0_P,DM,-1,-1,E:\P1\Production\USDM\processed\20180814.gdb\usdm_D1_P,DM,-1,-1;ORIG_FID "ORIG_FID" true true false 4 Long 0 0 ,First,#,E:\P1\Production\USDM\processed\20180814.gdb\usdm_D0_P,ORIG_FID,-1,-1,E:\P1\Production\USDM\processed\20180814.gdb\usdm_D1_P,ORIG_FID,-1,-1;Shape_Length "Shape_Length" false true true 8 Double 0 0 ,First,#,E:\P1\Production\USDM\processed\20180814.gdb\usdm_D0_P,Shape_Length,-1,-1,E:\P1\Production\USDM\processed\20180814.gdb\usdm_D1_P,Shape_Length,-1,-1;Shape_Area "Shape_Area" false true true 8 Double 0 0 ,First,#,E:\P1\Production\USDM\processed\20180814.gdb\usdm_D0_P,Shape_Area,-1,-1,E:\P1\Production\USDM\processed\20180814.gdb\usdm_D1_P,Shape_Area,-1,-1"</Process><Process ToolSource="c:\program files (x86)\arcgis\desktop10.4\ArcToolbox\Toolboxes\Data Management Tools.tbx\Dissolve" Date="20180815" Time="190945">Dissolve E:\P1\Production\USDM\processed\20180814.gdb\usdm_D0_M E:\P1\Production\USDM\processed\20180814.gdb\usdm_D0_D # # MULTI_PART DISSOLVE_LINES</Process><Process ToolSource="c:\program files (x86)\arcgis\desktop10.4\ArcToolbox\Toolboxes\Data Management Tools.tbx\AddField" Date="20180815" Time="190951">AddField E:\P1\Production\USDM\processed\20180814.gdb\usdm_D0_D DM SHORT # # # "USDM Drought Level" NULLABLE NON_REQUIRED #</Process><Process ToolSource="c:\program files (x86)\arcgis\desktop10.4\ArcToolbox\Toolboxes\Data Management Tools.tbx\CalculateField" Date="20180815" Time="190952">CalculateField E:\P1\Production\USDM\processed\20180814.gdb\usdm_D0_D DM 0 PYTHON #</Process><Process ToolSource="c:\program files (x86)\arcgis\desktop10.4\ArcToolbox\Toolboxes\Data Management Tools.tbx\Project" Date="20180815" Time="200836">Project E:\P1\Production\USDM\processed\20180814.gdb\usdm_D0_D E:\P1\Production\USDM\output\data\shapefiles_r\Drought_Areas_US_D0p.shp GEOGCS['GCS_WGS_1984',DATUM['D_WGS_1984',SPHEROID['WGS_1984',6378137.0,298.257223563]],PRIMEM['Greenwich',0.0],UNIT['Degree',0.0174532925199433]] NAD_1983_To_WGS_1984_1 PROJCS['USA_Contiguous_Albers_Equal_Area_Conic',GEOGCS['GCS_North_American_1983',DATUM['D_North_American_1983',SPHEROID['GRS_1980',6378137.0,298.257222101]],PRIMEM['Greenwich',0.0],UNIT['Degree',0.0174532925199433]],PROJECTION['Albers'],PARAMETER['False_Easting',0.0],PARAMETER['False_Northing',0.0],PARAMETER['Central_Meridian',-96.0],PARAMETER['Standard_Parallel_1',29.5],PARAMETER['Standard_Parallel_2',45.5],PARAMETER['Latitude_Of_Origin',37.5],UNIT['Meter',1.0]] NO_PRESERVE_SHAPE # NO_VERTICAL</Process><Process ToolSource="c:\program files (x86)\arcgis\desktop10.4\ArcToolbox\Toolboxes\Data Management Tools.tbx\MultipartToSinglepart" Date="20180815" Time="200836">MultipartToSinglepart E:\P1\Production\USDM\output\data\shapefiles_r\Drought_Areas_US_D0p.shp E:\P1\Production\USDM\output\data\shapefiles_r\Drought_Areas_US_D0.shp</Process><Process ToolSource="c:\program files (x86)\arcgis\desktop10.4\ArcToolbox\Toolboxes\Data Management Tools.tbx\Project" Date="20180822" Time="173516">Project E:\P1\Production\USDM\raw\usdm20180821\Drought_Areas_US_D0.shp E:\P1\Production\USDM\processed\20180821.gdb\usdm_D0_P PROJCS['USA_Contiguous_Albers_Equal_Area_Conic',GEOGCS['GCS_North_American_1983',DATUM['D_North_American_1983',SPHEROID['GRS_1980',6378137.0,298.257222101]],PRIMEM['Greenwich',0.0],UNIT['Degree',0.0174532925199433]],PROJECTION['Albers'],PARAMETER['False_Easting',0.0],PARAMETER['False_Northing',0.0],PARAMETER['Central_Meridian',-96.0],PARAMETER['Standard_Parallel_1',29.5],PARAMETER['Standard_Parallel_2',45.5],PARAMETER['Latitude_Of_Origin',37.5],UNIT['Meter',1.0]] NAD_1983_To_WGS_1984_1 GEOGCS['GCS_WGS_1984',DATUM['D_WGS_1984',SPHEROID['WGS_1984',6378137.0,298.257223563]],PRIMEM['Greenwich',0.0],UNIT['Degree',0.0174532925199433]] NO_PRESERVE_SHAPE # NO_VERTICAL</Process><Process ToolSource="c:\program files (x86)\arcgis\desktop10.4\ArcToolbox\Toolboxes\Data Management Tools.tbx\Merge" Date="20180822" Time="173527">Merge E:\P1\Production\USDM\processed\20180821.gdb\usdm_D0_P;E:\P1\Production\USDM\processed\20180821.gdb\usdm_D1_P E:\P1\Production\USDM\processed\20180821.gdb\usdm_D0_M "OBJECTID "OBJECTID" true true false 4 Long 0 0 ,First,#,E:\P1\Production\USDM\processed\20180821.gdb\usdm_D0_P,OBJECTID,-1,-1,E:\P1\Production\USDM\processed\20180821.gdb\usdm_D1_P,OBJECTID,-1,-1;Shape_Leng "Shape_Leng" true true false 8 Double 0 0 ,First,#,E:\P1\Production\USDM\processed\20180821.gdb\usdm_D0_P,Shape_Leng,-1,-1,E:\P1\Production\USDM\processed\20180821.gdb\usdm_D1_P,Shape_Leng,-1,-1;DM "DM" true true false 4 Long 0 0 ,First,#,E:\P1\Production\USDM\processed\20180821.gdb\usdm_D0_P,DM,-1,-1,E:\P1\Production\USDM\processed\20180821.gdb\usdm_D1_P,DM,-1,-1;ORIG_FID "ORIG_FID" true true false 4 Long 0 0 ,First,#,E:\P1\Production\USDM\processed\20180821.gdb\usdm_D0_P,ORIG_FID,-1,-1,E:\P1\Production\USDM\processed\20180821.gdb\usdm_D1_P,ORIG_FID,-1,-1;Shape_Length "Shape_Length" false true true 8 Double 0 0 ,First,#,E:\P1\Production\USDM\processed\20180821.gdb\usdm_D0_P,Shape_Length,-1,-1,E:\P1\Production\USDM\processed\20180821.gdb\usdm_D1_P,Shape_Length,-1,-1;Shape_Area "Shape_Area" false true true 8 Double 0 0 ,First,#,E:\P1\Production\USDM\processed\20180821.gdb\usdm_D0_P,Shape_Area,-1,-1,E:\P1\Production\USDM\processed\20180821.gdb\usdm_D1_P,Shape_Area,-1,-1"</Process><Process ToolSource="c:\program files (x86)\arcgis\desktop10.4\ArcToolbox\Toolboxes\Data Management Tools.tbx\Dissolve" Date="20180822" Time="173530">Dissolve E:\P1\Production\USDM\processed\20180821.gdb\usdm_D0_M E:\P1\Production\USDM\processed\20180821.gdb\usdm_D0_D # # MULTI_PART DISSOLVE_LINES</Process><Process ToolSource="c:\program files (x86)\arcgis\desktop10.4\ArcToolbox\Toolboxes\Data Management Tools.tbx\AddField" Date="20180822" Time="173536">AddField E:\P1\Production\USDM\processed\20180821.gdb\usdm_D0_D DM SHORT # # # "USDM Drought Level" NULLABLE NON_REQUIRED #</Process><Process ToolSource="c:\program files (x86)\arcgis\desktop10.4\ArcToolbox\Toolboxes\Data Management Tools.tbx\CalculateField" Date="20180822" Time="173538">CalculateField E:\P1\Production\USDM\processed\20180821.gdb\usdm_D0_D DM 0 PYTHON #</Process><Process ToolSource="c:\program files (x86)\arcgis\desktop10.4\ArcToolbox\Toolboxes\Data Management Tools.tbx\Project" Date="20180822" Time="183407">Project E:\P1\Production\USDM\processed\20180821.gdb\usdm_D0_D E:\P1\Production\USDM\output\data\shapefiles_r\Drought_Areas_US_D0p.shp GEOGCS['GCS_WGS_1984',DATUM['D_WGS_1984',SPHEROID['WGS_1984',6378137.0,298.257223563]],PRIMEM['Greenwich',0.0],UNIT['Degree',0.0174532925199433]] NAD_1983_To_WGS_1984_1 PROJCS['USA_Contiguous_Albers_Equal_Area_Conic',GEOGCS['GCS_North_American_1983',DATUM['D_North_American_1983',SPHEROID['GRS_1980',6378137.0,298.257222101]],PRIMEM['Greenwich',0.0],UNIT['Degree',0.0174532925199433]],PROJECTION['Albers'],PARAMETER['False_Easting',0.0],PARAMETER['False_Northing',0.0],PARAMETER['Central_Meridian',-96.0],PARAMETER['Standard_Parallel_1',29.5],PARAMETER['Standard_Parallel_2',45.5],PARAMETER['Latitude_Of_Origin',37.5],UNIT['Meter',1.0]] NO_PRESERVE_SHAPE # NO_VERTICAL</Process><Process ToolSource="c:\program files (x86)\arcgis\desktop10.4\ArcToolbox\Toolboxes\Data Management Tools.tbx\MultipartToSinglepart" Date="20180822" Time="183407">MultipartToSinglepart E:\P1\Production\USDM\output\data\shapefiles_r\Drought_Areas_US_D0p.shp E:\P1\Production\USDM\output\data\shapefiles_r\Drought_Areas_US_D0.shp</Process><Process ToolSource="c:\program files (x86)\arcgis\desktop10.4\ArcToolbox\Toolboxes\Data Management Tools.tbx\Project" Date="20180829" Time="160733">Project E:\P1\Production\USDM\raw\usdm20180828\Drought_Areas_US_D0.shp E:\P1\Production\USDM\processed\20180828.gdb\usdm_D0_P PROJCS['USA_Contiguous_Albers_Equal_Area_Conic',GEOGCS['GCS_North_American_1983',DATUM['D_North_American_1983',SPHEROID['GRS_1980',6378137.0,298.257222101]],PRIMEM['Greenwich',0.0],UNIT['Degree',0.0174532925199433]],PROJECTION['Albers'],PARAMETER['False_Easting',0.0],PARAMETER['False_Northing',0.0],PARAMETER['Central_Meridian',-96.0],PARAMETER['Standard_Parallel_1',29.5],PARAMETER['Standard_Parallel_2',45.5],PARAMETER['Latitude_Of_Origin',37.5],UNIT['Meter',1.0]] NAD_1983_To_WGS_1984_1 GEOGCS['GCS_WGS_1984',DATUM['D_WGS_1984',SPHEROID['WGS_1984',6378137.0,298.257223563]],PRIMEM['Greenwich',0.0],UNIT['Degree',0.0174532925199433]] NO_PRESERVE_SHAPE # NO_VERTICAL</Process><Process ToolSource="c:\program files (x86)\arcgis\desktop10.4\ArcToolbox\Toolboxes\Data Management Tools.tbx\Merge" Date="20180829" Time="160742">Merge E:\P1\Production\USDM\processed\20180828.gdb\usdm_D0_P;E:\P1\Production\USDM\processed\20180828.gdb\usdm_D1_P E:\P1\Production\USDM\processed\20180828.gdb\usdm_D0_M "OBJECTID "OBJECTID" true true false 4 Long 0 0 ,First,#,E:\P1\Production\USDM\processed\20180828.gdb\usdm_D0_P,OBJECTID,-1,-1,E:\P1\Production\USDM\processed\20180828.gdb\usdm_D1_P,OBJECTID,-1,-1;Shape_Leng "Shape_Leng" true true false 8 Double 0 0 ,First,#,E:\P1\Production\USDM\processed\20180828.gdb\usdm_D0_P,Shape_Leng,-1,-1,E:\P1\Production\USDM\processed\20180828.gdb\usdm_D1_P,Shape_Leng,-1,-1;DM "DM" true true false 4 Long 0 0 ,First,#,E:\P1\Production\USDM\processed\20180828.gdb\usdm_D0_P,DM,-1,-1,E:\P1\Production\USDM\processed\20180828.gdb\usdm_D1_P,DM,-1,-1;ORIG_FID "ORIG_FID" true true false 4 Long 0 0 ,First,#,E:\P1\Production\USDM\processed\20180828.gdb\usdm_D0_P,ORIG_FID,-1,-1,E:\P1\Production\USDM\processed\20180828.gdb\usdm_D1_P,ORIG_FID,-1,-1;Shape_Length "Shape_Length" false true true 8 Double 0 0 ,First,#,E:\P1\Production\USDM\processed\20180828.gdb\usdm_D0_P,Shape_Length,-1,-1,E:\P1\Production\USDM\processed\20180828.gdb\usdm_D1_P,Shape_Length,-1,-1;Shape_Area "Shape_Area" false true true 8 Double 0 0 ,First,#,E:\P1\Production\USDM\processed\20180828.gdb\usdm_D0_P,Shape_Area,-1,-1,E:\P1\Production\USDM\processed\20180828.gdb\usdm_D1_P,Shape_Area,-1,-1"</Process><Process ToolSource="c:\program files (x86)\arcgis\desktop10.4\ArcToolbox\Toolboxes\Data Management Tools.tbx\Dissolve" Date="20180829" Time="160746">Dissolve E:\P1\Production\USDM\processed\20180828.gdb\usdm_D0_M E:\P1\Production\USDM\processed\20180828.gdb\usdm_D0_D # # MULTI_PART DISSOLVE_LINES</Process><Process ToolSource="c:\program files (x86)\arcgis\desktop10.4\ArcToolbox\Toolboxes\Data Management Tools.tbx\AddField" Date="20180829" Time="160752">AddField E:\P1\Production\USDM\processed\20180828.gdb\usdm_D0_D DM SHORT # # # "USDM Drought Level" NULLABLE NON_REQUIRED #</Process><Process ToolSource="c:\program files (x86)\arcgis\desktop10.4\ArcToolbox\Toolboxes\Data Management Tools.tbx\CalculateField" Date="20180829" Time="160753">CalculateField E:\P1\Production\USDM\processed\20180828.gdb\usdm_D0_D DM 0 PYTHON #</Process><Process ToolSource="c:\program files (x86)\arcgis\desktop10.4\ArcToolbox\Toolboxes\Data Management Tools.tbx\Project" Date="20180829" Time="172807">Project E:\P1\Production\USDM\processed\20180828.gdb\usdm_D0_D E:\P1\Production\USDM\output\data\shapefiles_r\Drought_Areas_US_D0p.shp GEOGCS['GCS_WGS_1984',DATUM['D_WGS_1984',SPHEROID['WGS_1984',6378137.0,298.257223563]],PRIMEM['Greenwich',0.0],UNIT['Degree',0.0174532925199433]] NAD_1983_To_WGS_1984_1 PROJCS['USA_Contiguous_Albers_Equal_Area_Conic',GEOGCS['GCS_North_American_1983',DATUM['D_North_American_1983',SPHEROID['GRS_1980',6378137.0,298.257222101]],PRIMEM['Greenwich',0.0],UNIT['Degree',0.0174532925199433]],PROJECTION['Albers'],PARAMETER['False_Easting',0.0],PARAMETER['False_Northing',0.0],PARAMETER['Central_Meridian',-96.0],PARAMETER['Standard_Parallel_1',29.5],PARAMETER['Standard_Parallel_2',45.5],PARAMETER['Latitude_Of_Origin',37.5],UNIT['Meter',1.0]] NO_PRESERVE_SHAPE # NO_VERTICAL</Process><Process ToolSource="c:\program files (x86)\arcgis\desktop10.4\ArcToolbox\Toolboxes\Data Management Tools.tbx\MultipartToSinglepart" Date="20180829" Time="172807">MultipartToSinglepart E:\P1\Production\USDM\output\data\shapefiles_r\Drought_Areas_US_D0p.shp E:\P1\Production\USDM\output\data\shapefiles_r\Drought_Areas_US_D0.shp</Process><Process ToolSource="c:\program files (x86)\arcgis\desktop10.4\ArcToolbox\Toolboxes\Data Management Tools.tbx\Project" Date="20180912" Time="181737">Project E:\P1\Production\USDM\raw\usdm20180911\Drought_Areas_US_D0.shp E:\P1\Production\USDM\processed\20180911.gdb\usdm_D0_P PROJCS['USA_Contiguous_Albers_Equal_Area_Conic',GEOGCS['GCS_North_American_1983',DATUM['D_North_American_1983',SPHEROID['GRS_1980',6378137.0,298.257222101]],PRIMEM['Greenwich',0.0],UNIT['Degree',0.0174532925199433]],PROJECTION['Albers'],PARAMETER['False_Easting',0.0],PARAMETER['False_Northing',0.0],PARAMETER['Central_Meridian',-96.0],PARAMETER['Standard_Parallel_1',29.5],PARAMETER['Standard_Parallel_2',45.5],PARAMETER['Latitude_Of_Origin',37.5],UNIT['Meter',1.0]] NAD_1983_To_WGS_1984_1 GEOGCS['GCS_WGS_1984',DATUM['D_WGS_1984',SPHEROID['WGS_1984',6378137.0,298.257223563]],PRIMEM['Greenwich',0.0],UNIT['Degree',0.0174532925199433]] NO_PRESERVE_SHAPE # NO_VERTICAL</Process><Process ToolSource="c:\program files (x86)\arcgis\desktop10.4\ArcToolbox\Toolboxes\Data Management Tools.tbx\Merge" Date="20180912" Time="181746">Merge E:\P1\Production\USDM\processed\20180911.gdb\usdm_D0_P;E:\P1\Production\USDM\processed\20180911.gdb\usdm_D1_P E:\P1\Production\USDM\processed\20180911.gdb\usdm_D0_M "OBJECTID "OBJECTID" true true false 4 Long 0 0 ,First,#,E:\P1\Production\USDM\processed\20180911.gdb\usdm_D0_P,OBJECTID,-1,-1,E:\P1\Production\USDM\processed\20180911.gdb\usdm_D1_P,OBJECTID,-1,-1;Shape_Leng "Shape_Leng" true true false 8 Double 0 0 ,First,#,E:\P1\Production\USDM\processed\20180911.gdb\usdm_D0_P,Shape_Leng,-1,-1,E:\P1\Production\USDM\processed\20180911.gdb\usdm_D1_P,Shape_Leng,-1,-1;DM "DM" true true false 4 Long 0 0 ,First,#,E:\P1\Production\USDM\processed\20180911.gdb\usdm_D0_P,DM,-1,-1,E:\P1\Production\USDM\processed\20180911.gdb\usdm_D1_P,DM,-1,-1;ORIG_FID "ORIG_FID" true true false 4 Long 0 0 ,First,#,E:\P1\Production\USDM\processed\20180911.gdb\usdm_D0_P,ORIG_FID,-1,-1,E:\P1\Production\USDM\processed\20180911.gdb\usdm_D1_P,ORIG_FID,-1,-1;Shape_Length "Shape_Length" false true true 8 Double 0 0 ,First,#,E:\P1\Production\USDM\processed\20180911.gdb\usdm_D0_P,Shape_Length,-1,-1,E:\P1\Production\USDM\processed\20180911.gdb\usdm_D1_P,Shape_Length,-1,-1;Shape_Area "Shape_Area" false true true 8 Double 0 0 ,First,#,E:\P1\Production\USDM\processed\20180911.gdb\usdm_D0_P,Shape_Area,-1,-1,E:\P1\Production\USDM\processed\20180911.gdb\usdm_D1_P,Shape_Area,-1,-1"</Process><Process ToolSource="c:\program files (x86)\arcgis\desktop10.4\ArcToolbox\Toolboxes\Data Management Tools.tbx\Dissolve" Date="20180912" Time="181749">Dissolve E:\P1\Production\USDM\processed\20180911.gdb\usdm_D0_M E:\P1\Production\USDM\processed\20180911.gdb\usdm_D0_D # # MULTI_PART DISSOLVE_LINES</Process><Process ToolSource="c:\program files (x86)\arcgis\desktop10.4\ArcToolbox\Toolboxes\Data Management Tools.tbx\AddField" Date="20180912" Time="181754">AddField E:\P1\Production\USDM\processed\20180911.gdb\usdm_D0_D DM SHORT # # # "USDM Drought Level" NULLABLE NON_REQUIRED #</Process><Process ToolSource="c:\program files (x86)\arcgis\desktop10.4\ArcToolbox\Toolboxes\Data Management Tools.tbx\CalculateField" Date="20180912" Time="181756">CalculateField E:\P1\Production\USDM\processed\20180911.gdb\usdm_D0_D DM 0 PYTHON #</Process><Process ToolSource="c:\program files (x86)\arcgis\desktop10.4\ArcToolbox\Toolboxes\Data Management Tools.tbx\Project" Date="20180912" Time="192625">Project E:\P1\Production\USDM\processed\20180911.gdb\usdm_D0_D E:\P1\Production\USDM\output\data\shapefiles_r\Drought_Areas_US_D0p.shp GEOGCS['GCS_WGS_1984',DATUM['D_WGS_1984',SPHEROID['WGS_1984',6378137.0,298.257223563]],PRIMEM['Greenwich',0.0],UNIT['Degree',0.0174532925199433]] NAD_1983_To_WGS_1984_1 PROJCS['USA_Contiguous_Albers_Equal_Area_Conic',GEOGCS['GCS_North_American_1983',DATUM['D_North_American_1983',SPHEROID['GRS_1980',6378137.0,298.257222101]],PRIMEM['Greenwich',0.0],UNIT['Degree',0.0174532925199433]],PROJECTION['Albers'],PARAMETER['False_Easting',0.0],PARAMETER['False_Northing',0.0],PARAMETER['Central_Meridian',-96.0],PARAMETER['Standard_Parallel_1',29.5],PARAMETER['Standard_Parallel_2',45.5],PARAMETER['Latitude_Of_Origin',37.5],UNIT['Meter',1.0]] NO_PRESERVE_SHAPE # NO_VERTICAL</Process><Process ToolSource="c:\program files (x86)\arcgis\desktop10.4\ArcToolbox\Toolboxes\Data Management Tools.tbx\MultipartToSinglepart" Date="20180912" Time="192626">MultipartToSinglepart E:\P1\Production\USDM\output\data\shapefiles_r\Drought_Areas_US_D0p.shp E:\P1\Production\USDM\output\data\shapefiles_r\Drought_Areas_US_D0.shp</Process><Process ToolSource="c:\program files (x86)\arcgis\desktop10.4\ArcToolbox\Toolboxes\Data Management Tools.tbx\Project" Date="20180919" Time="151304">Project E:\P1\Production\USDM\raw\usdm20180918\Drought_Areas_US_D0.shp E:\P1\Production\USDM\processed\20180918.gdb\usdm_D0_P PROJCS['USA_Contiguous_Albers_Equal_Area_Conic',GEOGCS['GCS_North_American_1983',DATUM['D_North_American_1983',SPHEROID['GRS_1980',6378137.0,298.257222101]],PRIMEM['Greenwich',0.0],UNIT['Degree',0.0174532925199433]],PROJECTION['Albers'],PARAMETER['False_Easting',0.0],PARAMETER['False_Northing',0.0],PARAMETER['Central_Meridian',-96.0],PARAMETER['Standard_Parallel_1',29.5],PARAMETER['Standard_Parallel_2',45.5],PARAMETER['Latitude_Of_Origin',37.5],UNIT['Meter',1.0]] NAD_1983_To_WGS_1984_1 GEOGCS['GCS_WGS_1984',DATUM['D_WGS_1984',SPHEROID['WGS_1984',6378137.0,298.257223563]],PRIMEM['Greenwich',0.0],UNIT['Degree',0.0174532925199433]] NO_PRESERVE_SHAPE # NO_VERTICAL</Process><Process ToolSource="c:\program files (x86)\arcgis\desktop10.4\ArcToolbox\Toolboxes\Data Management Tools.tbx\Merge" Date="20180919" Time="151314">Merge E:\P1\Production\USDM\processed\20180918.gdb\usdm_D0_P;E:\P1\Production\USDM\processed\20180918.gdb\usdm_D1_P E:\P1\Production\USDM\processed\20180918.gdb\usdm_D0_M "OBJECTID "OBJECTID" true true false 4 Long 0 0 ,First,#,E:\P1\Production\USDM\processed\20180918.gdb\usdm_D0_P,OBJECTID,-1,-1,E:\P1\Production\USDM\processed\20180918.gdb\usdm_D1_P,OBJECTID,-1,-1;Shape_Leng "Shape_Leng" true true false 8 Double 0 0 ,First,#,E:\P1\Production\USDM\processed\20180918.gdb\usdm_D0_P,Shape_Leng,-1,-1,E:\P1\Production\USDM\processed\20180918.gdb\usdm_D1_P,Shape_Leng,-1,-1;DM "DM" true true false 4 Long 0 0 ,First,#,E:\P1\Production\USDM\processed\20180918.gdb\usdm_D0_P,DM,-1,-1,E:\P1\Production\USDM\processed\20180918.gdb\usdm_D1_P,DM,-1,-1;ORIG_FID "ORIG_FID" true true false 4 Long 0 0 ,First,#,E:\P1\Production\USDM\processed\20180918.gdb\usdm_D0_P,ORIG_FID,-1,-1,E:\P1\Production\USDM\processed\20180918.gdb\usdm_D1_P,ORIG_FID,-1,-1;Shape_Length "Shape_Length" false true true 8 Double 0 0 ,First,#,E:\P1\Production\USDM\processed\20180918.gdb\usdm_D0_P,Shape_Length,-1,-1,E:\P1\Production\USDM\processed\20180918.gdb\usdm_D1_P,Shape_Length,-1,-1;Shape_Area "Shape_Area" false true true 8 Double 0 0 ,First,#,E:\P1\Production\USDM\processed\20180918.gdb\usdm_D0_P,Shape_Area,-1,-1,E:\P1\Production\USDM\processed\20180918.gdb\usdm_D1_P,Shape_Area,-1,-1"</Process><Process ToolSource="c:\program files (x86)\arcgis\desktop10.4\ArcToolbox\Toolboxes\Data Management Tools.tbx\Dissolve" Date="20180919" Time="151317">Dissolve E:\P1\Production\USDM\processed\20180918.gdb\usdm_D0_M E:\P1\Production\USDM\processed\20180918.gdb\usdm_D0_D # # MULTI_PART DISSOLVE_LINES</Process><Process ToolSource="c:\program files (x86)\arcgis\desktop10.4\ArcToolbox\Toolboxes\Data Management Tools.tbx\AddField" Date="20180919" Time="151323">AddField E:\P1\Production\USDM\processed\20180918.gdb\usdm_D0_D DM SHORT # # # "USDM Drought Level" NULLABLE NON_REQUIRED #</Process><Process ToolSource="c:\program files (x86)\arcgis\desktop10.4\ArcToolbox\Toolboxes\Data Management Tools.tbx\CalculateField" Date="20180919" Time="151324">CalculateField E:\P1\Production\USDM\processed\20180918.gdb\usdm_D0_D DM 0 PYTHON #</Process><Process ToolSource="c:\program files (x86)\arcgis\desktop10.4\ArcToolbox\Toolboxes\Data Management Tools.tbx\Project" Date="20180919" Time="175226">Project E:\P1\Production\USDM\processed\20180918.gdb\usdm_D0_D E:\P1\Production\USDM\output\data\shapefiles_r\Drought_Areas_US_D0p.shp GEOGCS['GCS_WGS_1984',DATUM['D_WGS_1984',SPHEROID['WGS_1984',6378137.0,298.257223563]],PRIMEM['Greenwich',0.0],UNIT['Degree',0.0174532925199433]] NAD_1983_To_WGS_1984_1 PROJCS['USA_Contiguous_Albers_Equal_Area_Conic',GEOGCS['GCS_North_American_1983',DATUM['D_North_American_1983',SPHEROID['GRS_1980',6378137.0,298.257222101]],PRIMEM['Greenwich',0.0],UNIT['Degree',0.0174532925199433]],PROJECTION['Albers'],PARAMETER['False_Easting',0.0],PARAMETER['False_Northing',0.0],PARAMETER['Central_Meridian',-96.0],PARAMETER['Standard_Parallel_1',29.5],PARAMETER['Standard_Parallel_2',45.5],PARAMETER['Latitude_Of_Origin',37.5],UNIT['Meter',1.0]] NO_PRESERVE_SHAPE # NO_VERTICAL</Process><Process ToolSource="c:\program files (x86)\arcgis\desktop10.4\ArcToolbox\Toolboxes\Data Management Tools.tbx\MultipartToSinglepart" Date="20180919" Time="175226">MultipartToSinglepart E:\P1\Production\USDM\output\data\shapefiles_r\Drought_Areas_US_D0p.shp E:\P1\Production\USDM\output\data\shapefiles_r\Drought_Areas_US_D0.shp</Process><Process ToolSource="c:\program files (x86)\arcgis\desktop10.4\ArcToolbox\Toolboxes\Data Management Tools.tbx\Project" Date="20180926" Time="152754">Project E:\P1\Production\USDM\raw\usdm20180925\Drought_Areas_US_D0.shp E:\P1\Production\USDM\processed\20180925.gdb\usdm_D0_P PROJCS['USA_Contiguous_Albers_Equal_Area_Conic',GEOGCS['GCS_North_American_1983',DATUM['D_North_American_1983',SPHEROID['GRS_1980',6378137.0,298.257222101]],PRIMEM['Greenwich',0.0],UNIT['Degree',0.0174532925199433]],PROJECTION['Albers'],PARAMETER['False_Easting',0.0],PARAMETER['False_Northing',0.0],PARAMETER['Central_Meridian',-96.0],PARAMETER['Standard_Parallel_1',29.5],PARAMETER['Standard_Parallel_2',45.5],PARAMETER['Latitude_Of_Origin',37.5],UNIT['Meter',1.0]] NAD_1983_To_WGS_1984_1 GEOGCS['GCS_WGS_1984',DATUM['D_WGS_1984',SPHEROID['WGS_1984',6378137.0,298.257223563]],PRIMEM['Greenwich',0.0],UNIT['Degree',0.0174532925199433]] NO_PRESERVE_SHAPE # NO_VERTICAL</Process><Process ToolSource="c:\program files (x86)\arcgis\desktop10.4\ArcToolbox\Toolboxes\Data Management Tools.tbx\Merge" Date="20180926" Time="152805">Merge E:\P1\Production\USDM\processed\20180925.gdb\usdm_D0_P;E:\P1\Production\USDM\processed\20180925.gdb\usdm_D1_P E:\P1\Production\USDM\processed\20180925.gdb\usdm_D0_M "OBJECTID "OBJECTID" true true false 4 Long 0 0 ,First,#,E:\P1\Production\USDM\processed\20180925.gdb\usdm_D0_P,OBJECTID,-1,-1,E:\P1\Production\USDM\processed\20180925.gdb\usdm_D1_P,OBJECTID,-1,-1;Shape_Leng "Shape_Leng" true true false 8 Double 0 0 ,First,#,E:\P1\Production\USDM\processed\20180925.gdb\usdm_D0_P,Shape_Leng,-1,-1,E:\P1\Production\USDM\processed\20180925.gdb\usdm_D1_P,Shape_Leng,-1,-1;DM "DM" true true false 4 Long 0 0 ,First,#,E:\P1\Production\USDM\processed\20180925.gdb\usdm_D0_P,DM,-1,-1,E:\P1\Production\USDM\processed\20180925.gdb\usdm_D1_P,DM,-1,-1;ORIG_FID "ORIG_FID" true true false 4 Long 0 0 ,First,#,E:\P1\Production\USDM\processed\20180925.gdb\usdm_D0_P,ORIG_FID,-1,-1,E:\P1\Production\USDM\processed\20180925.gdb\usdm_D1_P,ORIG_FID,-1,-1;Shape_Length "Shape_Length" false true true 8 Double 0 0 ,First,#,E:\P1\Production\USDM\processed\20180925.gdb\usdm_D0_P,Shape_Length,-1,-1,E:\P1\Production\USDM\processed\20180925.gdb\usdm_D1_P,Shape_Length,-1,-1;Shape_Area "Shape_Area" false true true 8 Double 0 0 ,First,#,E:\P1\Production\USDM\processed\20180925.gdb\usdm_D0_P,Shape_Area,-1,-1,E:\P1\Production\USDM\processed\20180925.gdb\usdm_D1_P,Shape_Area,-1,-1"</Process><Process ToolSource="c:\program files (x86)\arcgis\desktop10.4\ArcToolbox\Toolboxes\Data Management Tools.tbx\Dissolve" Date="20180926" Time="152808">Dissolve E:\P1\Production\USDM\processed\20180925.gdb\usdm_D0_M E:\P1\Production\USDM\processed\20180925.gdb\usdm_D0_D # # MULTI_PART DISSOLVE_LINES</Process><Process ToolSource="c:\program files (x86)\arcgis\desktop10.4\ArcToolbox\Toolboxes\Data Management Tools.tbx\AddField" Date="20180926" Time="152815">AddField E:\P1\Production\USDM\processed\20180925.gdb\usdm_D0_D DM SHORT # # # "USDM Drought Level" NULLABLE NON_REQUIRED #</Process><Process ToolSource="c:\program files (x86)\arcgis\desktop10.4\ArcToolbox\Toolboxes\Data Management Tools.tbx\CalculateField" Date="20180926" Time="152817">CalculateField E:\P1\Production\USDM\processed\20180925.gdb\usdm_D0_D DM 0 PYTHON #</Process><Process ToolSource="c:\program files (x86)\arcgis\desktop10.4\ArcToolbox\Toolboxes\Data Management Tools.tbx\Project" Date="20180926" Time="163732">Project E:\P1\Production\USDM\processed\20180925.gdb\usdm_D0_D E:\P1\Production\USDM\output\data\shapefiles_r\Drought_Areas_US_D0p.shp GEOGCS['GCS_WGS_1984',DATUM['D_WGS_1984',SPHEROID['WGS_1984',6378137.0,298.257223563]],PRIMEM['Greenwich',0.0],UNIT['Degree',0.0174532925199433]] NAD_1983_To_WGS_1984_1 PROJCS['USA_Contiguous_Albers_Equal_Area_Conic',GEOGCS['GCS_North_American_1983',DATUM['D_North_American_1983',SPHEROID['GRS_1980',6378137.0,298.257222101]],PRIMEM['Greenwich',0.0],UNIT['Degree',0.0174532925199433]],PROJECTION['Albers'],PARAMETER['False_Easting',0.0],PARAMETER['False_Northing',0.0],PARAMETER['Central_Meridian',-96.0],PARAMETER['Standard_Parallel_1',29.5],PARAMETER['Standard_Parallel_2',45.5],PARAMETER['Latitude_Of_Origin',37.5],UNIT['Meter',1.0]] NO_PRESERVE_SHAPE # NO_VERTICAL</Process><Process ToolSource="c:\program files (x86)\arcgis\desktop10.4\ArcToolbox\Toolboxes\Data Management Tools.tbx\MultipartToSinglepart" Date="20180926" Time="163732">MultipartToSinglepart E:\P1\Production\USDM\output\data\shapefiles_r\Drought_Areas_US_D0p.shp E:\P1\Production\USDM\output\data\shapefiles_r\Drought_Areas_US_D0.shp</Process><Process ToolSource="c:\program files (x86)\arcgis\desktop10.4\ArcToolbox\Toolboxes\Data Management Tools.tbx\Project" Date="20181010" Time="172822">Project E:\P1\Production\USDM\raw\usdm20181009\Drought_Areas_US_D0.shp E:\P1\Production\USDM\processed\20181009.gdb\usdm_D0_P PROJCS['USA_Contiguous_Albers_Equal_Area_Conic',GEOGCS['GCS_North_American_1983',DATUM['D_North_American_1983',SPHEROID['GRS_1980',6378137.0,298.257222101]],PRIMEM['Greenwich',0.0],UNIT['Degree',0.0174532925199433]],PROJECTION['Albers'],PARAMETER['False_Easting',0.0],PARAMETER['False_Northing',0.0],PARAMETER['Central_Meridian',-96.0],PARAMETER['Standard_Parallel_1',29.5],PARAMETER['Standard_Parallel_2',45.5],PARAMETER['Latitude_Of_Origin',37.5],UNIT['Meter',1.0]] NAD_1983_To_WGS_1984_1 GEOGCS['GCS_WGS_1984',DATUM['D_WGS_1984',SPHEROID['WGS_1984',6378137.0,298.257223563]],PRIMEM['Greenwich',0.0],UNIT['Degree',0.0174532925199433]] NO_PRESERVE_SHAPE # NO_VERTICAL</Process><Process ToolSource="c:\program files (x86)\arcgis\desktop10.4\ArcToolbox\Toolboxes\Data Management Tools.tbx\Merge" Date="20181010" Time="172831">Merge E:\P1\Production\USDM\processed\20181009.gdb\usdm_D0_P;E:\P1\Production\USDM\processed\20181009.gdb\usdm_D1_P E:\P1\Production\USDM\processed\20181009.gdb\usdm_D0_M "OBJECTID "OBJECTID" true true false 4 Long 0 0 ,First,#,E:\P1\Production\USDM\processed\20181009.gdb\usdm_D0_P,OBJECTID,-1,-1,E:\P1\Production\USDM\processed\20181009.gdb\usdm_D1_P,OBJECTID,-1,-1;Shape_Leng "Shape_Leng" true true false 8 Double 0 0 ,First,#,E:\P1\Production\USDM\processed\20181009.gdb\usdm_D0_P,Shape_Leng,-1,-1,E:\P1\Production\USDM\processed\20181009.gdb\usdm_D1_P,Shape_Leng,-1,-1;DM "DM" true true false 4 Long 0 0 ,First,#,E:\P1\Production\USDM\processed\20181009.gdb\usdm_D0_P,DM,-1,-1,E:\P1\Production\USDM\processed\20181009.gdb\usdm_D1_P,DM,-1,-1;ORIG_FID "ORIG_FID" true true false 4 Long 0 0 ,First,#,E:\P1\Production\USDM\processed\20181009.gdb\usdm_D0_P,ORIG_FID,-1,-1,E:\P1\Production\USDM\processed\20181009.gdb\usdm_D1_P,ORIG_FID,-1,-1;Shape_Length "Shape_Length" false true true 8 Double 0 0 ,First,#,E:\P1\Production\USDM\processed\20181009.gdb\usdm_D0_P,Shape_Length,-1,-1,E:\P1\Production\USDM\processed\20181009.gdb\usdm_D1_P,Shape_Length,-1,-1;Shape_Area "Shape_Area" false true true 8 Double 0 0 ,First,#,E:\P1\Production\USDM\processed\20181009.gdb\usdm_D0_P,Shape_Area,-1,-1,E:\P1\Production\USDM\processed\20181009.gdb\usdm_D1_P,Shape_Area,-1,-1"</Process><Process ToolSource="c:\program files (x86)\arcgis\desktop10.4\ArcToolbox\Toolboxes\Data Management Tools.tbx\Dissolve" Date="20181010" Time="172834">Dissolve E:\P1\Production\USDM\processed\20181009.gdb\usdm_D0_M E:\P1\Production\USDM\processed\20181009.gdb\usdm_D0_D # # MULTI_PART DISSOLVE_LINES</Process><Process ToolSource="c:\program files (x86)\arcgis\desktop10.4\ArcToolbox\Toolboxes\Data Management Tools.tbx\AddField" Date="20181010" Time="172840">AddField E:\P1\Production\USDM\processed\20181009.gdb\usdm_D0_D DM SHORT # # # "USDM Drought Level" NULLABLE NON_REQUIRED #</Process><Process ToolSource="c:\program files (x86)\arcgis\desktop10.4\ArcToolbox\Toolboxes\Data Management Tools.tbx\CalculateField" Date="20181010" Time="172841">CalculateField E:\P1\Production\USDM\processed\20181009.gdb\usdm_D0_D DM 0 PYTHON #</Process><Process ToolSource="c:\program files (x86)\arcgis\desktop10.4\ArcToolbox\Toolboxes\Data Management Tools.tbx\Project" Date="20181010" Time="183027">Project E:\P1\Production\USDM\processed\20181009.gdb\usdm_D0_D E:\P1\Production\USDM\output\data\authorfiles\temp\Drought_Areas_US_D0p.shp GEOGCS['GCS_WGS_1984',DATUM['D_WGS_1984',SPHEROID['WGS_1984',6378137.0,298.257223563]],PRIMEM['Greenwich',0.0],UNIT['Degree',0.0174532925199433]] NAD_1983_To_WGS_1984_1 PROJCS['USA_Contiguous_Albers_Equal_Area_Conic',GEOGCS['GCS_North_American_1983',DATUM['D_North_American_1983',SPHEROID['GRS_1980',6378137.0,298.257222101]],PRIMEM['Greenwich',0.0],UNIT['Degree',0.0174532925199433]],PROJECTION['Albers'],PARAMETER['False_Easting',0.0],PARAMETER['False_Northing',0.0],PARAMETER['Central_Meridian',-96.0],PARAMETER['Standard_Parallel_1',29.5],PARAMETER['Standard_Parallel_2',45.5],PARAMETER['Latitude_Of_Origin',37.5],UNIT['Meter',1.0]] NO_PRESERVE_SHAPE # NO_VERTICAL</Process><Process ToolSource="c:\program files (x86)\arcgis\desktop10.4\ArcToolbox\Toolboxes\Data Management Tools.tbx\MultipartToSinglepart" Date="20181010" Time="183027">MultipartToSinglepart E:\P1\Production\USDM\output\data\authorfiles\temp\Drought_Areas_US_D0p.shp E:\P1\Production\USDM\output\data\authorfiles\temp\Drought_Areas_US_D0.shp</Process><Process ToolSource="c:\program files (x86)\arcgis\desktop10.4\ArcToolbox\Toolboxes\Data Management Tools.tbx\Project" Date="20181017" Time="162143">Project E:\P1\Production\USDM\raw\usdm20181016\Drought_Areas_US_D0.shp E:\P1\Production\USDM\processed\20181016.gdb\usdm_D0_P PROJCS['USA_Contiguous_Albers_Equal_Area_Conic',GEOGCS['GCS_North_American_1983',DATUM['D_North_American_1983',SPHEROID['GRS_1980',6378137.0,298.257222101]],PRIMEM['Greenwich',0.0],UNIT['Degree',0.0174532925199433]],PROJECTION['Albers'],PARAMETER['False_Easting',0.0],PARAMETER['False_Northing',0.0],PARAMETER['Central_Meridian',-96.0],PARAMETER['Standard_Parallel_1',29.5],PARAMETER['Standard_Parallel_2',45.5],PARAMETER['Latitude_Of_Origin',37.5],UNIT['Meter',1.0]] NAD_1983_To_WGS_1984_1 GEOGCS['GCS_WGS_1984',DATUM['D_WGS_1984',SPHEROID['WGS_1984',6378137.0,298.257223563]],PRIMEM['Greenwich',0.0],UNIT['Degree',0.0174532925199433]] NO_PRESERVE_SHAPE # NO_VERTICAL</Process><Process ToolSource="c:\program files (x86)\arcgis\desktop10.4\ArcToolbox\Toolboxes\Data Management Tools.tbx\Merge" Date="20181017" Time="162152">Merge E:\P1\Production\USDM\processed\20181016.gdb\usdm_D0_P;E:\P1\Production\USDM\processed\20181016.gdb\usdm_D1_P E:\P1\Production\USDM\processed\20181016.gdb\usdm_D0_M "OBJECTID "OBJECTID" true true false 4 Long 0 0 ,First,#,E:\P1\Production\USDM\processed\20181016.gdb\usdm_D0_P,OBJECTID,-1,-1,E:\P1\Production\USDM\processed\20181016.gdb\usdm_D1_P,OBJECTID,-1,-1;Shape_Leng "Shape_Leng" true true false 8 Double 0 0 ,First,#,E:\P1\Production\USDM\processed\20181016.gdb\usdm_D0_P,Shape_Leng,-1,-1,E:\P1\Production\USDM\processed\20181016.gdb\usdm_D1_P,Shape_Leng,-1,-1;DM "DM" true true false 4 Long 0 0 ,First,#,E:\P1\Production\USDM\processed\20181016.gdb\usdm_D0_P,DM,-1,-1,E:\P1\Production\USDM\processed\20181016.gdb\usdm_D1_P,DM,-1,-1;ORIG_FID "ORIG_FID" true true false 4 Long 0 0 ,First,#,E:\P1\Production\USDM\processed\20181016.gdb\usdm_D0_P,ORIG_FID,-1,-1,E:\P1\Production\USDM\processed\20181016.gdb\usdm_D1_P,ORIG_FID,-1,-1;Shape_Length "Shape_Length" false true true 8 Double 0 0 ,First,#,E:\P1\Production\USDM\processed\20181016.gdb\usdm_D0_P,Shape_Length,-1,-1,E:\P1\Production\USDM\processed\20181016.gdb\usdm_D1_P,Shape_Length,-1,-1;Shape_Area "Shape_Area" false true true 8 Double 0 0 ,First,#,E:\P1\Production\USDM\processed\20181016.gdb\usdm_D0_P,Shape_Area,-1,-1,E:\P1\Production\USDM\processed\20181016.gdb\usdm_D1_P,Shape_Area,-1,-1"</Process><Process ToolSource="c:\program files (x86)\arcgis\desktop10.4\ArcToolbox\Toolboxes\Data Management Tools.tbx\Dissolve" Date="20181017" Time="162156">Dissolve E:\P1\Production\USDM\processed\20181016.gdb\usdm_D0_M E:\P1\Production\USDM\processed\20181016.gdb\usdm_D0_D # # MULTI_PART DISSOLVE_LINES</Process><Process ToolSource="c:\program files (x86)\arcgis\desktop10.4\ArcToolbox\Toolboxes\Data Management Tools.tbx\AddField" Date="20181017" Time="162202">AddField E:\P1\Production\USDM\processed\20181016.gdb\usdm_D0_D DM SHORT # # # "USDM Drought Level" NULLABLE NON_REQUIRED #</Process><Process ToolSource="c:\program files (x86)\arcgis\desktop10.4\ArcToolbox\Toolboxes\Data Management Tools.tbx\CalculateField" Date="20181017" Time="162203">CalculateField E:\P1\Production\USDM\processed\20181016.gdb\usdm_D0_D DM 0 PYTHON #</Process><Process ToolSource="c:\program files (x86)\arcgis\desktop10.4\ArcToolbox\Toolboxes\Analysis Tools.tbx\Erase" Date="20181017" Time="162207">Erase E:\P1\Production\USDM\processed\20181016.gdb\usdm_D0_D E:\P1\Production\USDM\processed\20181016.gdb\usdm_D1_D E:\P1\Production\USDM\processed\20181016.gdb\usdm_D0_E #</Process><Process ToolSource="c:\program files (x86)\arcgis\desktop10.4\ArcToolbox\Toolboxes\Data Management Tools.tbx\Merge" Date="20181017" Time="162212">Merge E:\P1\Production\USDM\processed\20181016.gdb\usdm_D0_E;E:\P1\Production\USDM\processed\20181016.gdb\usdm_D1_E;E:\P1\Production\USDM\processed\20181016.gdb\usdm_D2_E;E:\P1\Production\USDM\processed\20181016.gdb\usdm_D3_E;E:\P1\Production\USDM\processed\20181016.gdb\usdm_D4_D E:\P1\Production\USDM\processed\20181016.gdb\usdm_RAW_M "DM "USDM Drought Level" true true false 2 Short 0 0 ,First,#,E:\P1\Production\USDM\processed\20181016.gdb\usdm_D0_E,DM,-1,-1,E:\P1\Production\USDM\processed\20181016.gdb\usdm_D1_E,DM,-1,-1,E:\P1\Production\USDM\processed\20181016.gdb\usdm_D2_E,DM,-1,-1,E:\P1\Production\USDM\processed\20181016.gdb\usdm_D3_E,DM,-1,-1,E:\P1\Production\USDM\processed\20181016.gdb\usdm_D4_D,DM,-1,-1;Shape_Length "Shape_Length" false true true 8 Double 0 0 ,First,#,E:\P1\Production\USDM\processed\20181016.gdb\usdm_D0_E,Shape_Length,-1,-1,E:\P1\Production\USDM\processed\20181016.gdb\usdm_D1_E,Shape_Length,-1,-1,E:\P1\Production\USDM\processed\20181016.gdb\usdm_D2_E,Shape_Length,-1,-1,E:\P1\Production\USDM\processed\20181016.gdb\usdm_D3_E,Shape_Length,-1,-1,E:\P1\Production\USDM\processed\20181016.gdb\usdm_D4_D,Shape_Length,-1,-1;Shape_Area "Shape_Area" false true true 8 Double 0 0 ,First,#,E:\P1\Production\USDM\processed\20181016.gdb\usdm_D0_E,Shape_Area,-1,-1,E:\P1\Production\USDM\processed\20181016.gdb\usdm_D1_E,Shape_Area,-1,-1,E:\P1\Production\USDM\processed\20181016.gdb\usdm_D2_E,Shape_Area,-1,-1,E:\P1\Production\USDM\processed\20181016.gdb\usdm_D3_E,Shape_Area,-1,-1,E:\P1\Production\USDM\processed\20181016.gdb\usdm_D4_D,Shape_Area,-1,-1"</Process><Process ToolSource="c:\program files (x86)\arcgis\desktop10.4\ArcToolbox\Toolboxes\Analysis Tools.tbx\Clip" Date="20181017" Time="162219">Clip E:\P1\Production\USDM\processed\20181016.gdb\usdm_RAW_M E:\P1\Production\USDM\base\county\counties_usdm.shp E:\P1\Production\USDM\processed\20181016.gdb\usdm_detailed_MC #</Process><Process ToolSource="c:\program files (x86)\arcgis\desktop10.4\ArcToolbox\Toolboxes\Data Management Tools.tbx\Project" Date="20181017" Time="172315">Project E:\P1\Production\USDM\processed\20181016.gdb\usdm_detailed_MC E:\P1\Production\USDM\output\data\shapefiles_m\USDM_20181016.shp GEOGCS['GCS_WGS_1984',DATUM['D_WGS_1984',SPHEROID['WGS_1984',6378137.0,298.257223563]],PRIMEM['Greenwich',0.0],UNIT['Degree',0.0174532925199433]] NAD_1983_To_WGS_1984_1 PROJCS['USA_Contiguous_Albers_Equal_Area_Conic',GEOGCS['GCS_North_American_1983',DATUM['D_North_American_1983',SPHEROID['GRS_1980',6378137.0,298.257222101]],PRIMEM['Greenwich',0.0],UNIT['Degree',0.0174532925199433]],PROJECTION['Albers'],PARAMETER['False_Easting',0.0],PARAMETER['False_Northing',0.0],PARAMETER['Central_Meridian',-96.0],PARAMETER['Standard_Parallel_1',29.5],PARAMETER['Standard_Parallel_2',45.5],PARAMETER['Latitude_Of_Origin',37.5],UNIT['Meter',1.0]] NO_PRESERVE_SHAPE # NO_VERTICAL</Process></lineage><itemProps><itemName Sync="TRUE">usdm_detailed_MC</itemName><imsContentType Sync="TRUE">002</imsContentType><itemLocation><linkage Sync="TRUE">file://\\NDMC-011\P1$\Production\USDM\processed\20181016.gdb</linkage><protocol Sync="TRUE">Local Area Network</protocol></itemLocation><itemSize Sync="TRUE">0.000</itemSize></itemProps><coordRef><type Sync="TRUE">Projected</type><geogcsn Sync="TRUE">GCS_North_American_1983</geogcsn><csUnits Sync="TRUE">Linear Unit: Meter (1.000000)</csUnits><peXml Sync="TRUE">&lt;ProjectedCoordinateSystem xsi:type='typens:ProjectedCoordinateSystem' xmlns:xsi='http://www.w3.org/2001/XMLSchema-instance' xmlns:xs='http://www.w3.org/2001/XMLSchema' xmlns:typens='http://www.esri.com/schemas/ArcGIS/10.4'&gt;&lt;WKT&gt;PROJCS[&amp;quot;USA_Contiguous_Albers_Equal_Area_Conic&amp;quot;,GEOGCS[&amp;quot;GCS_North_American_1983&amp;quot;,DATUM[&amp;quot;D_North_American_1983&amp;quot;,SPHEROID[&amp;quot;GRS_1980&amp;quot;,6378137.0,298.257222101]],PRIMEM[&amp;quot;Greenwich&amp;quot;,0.0],UNIT[&amp;quot;Degree&amp;quot;,0.0174532925199433]],PROJECTION[&amp;quot;Albers&amp;quot;],PARAMETER[&amp;quot;False_Easting&amp;quot;,0.0],PARAMETER[&amp;quot;False_Northing&amp;quot;,0.0],PARAMETER[&amp;quot;Central_Meridian&amp;quot;,-96.0],PARAMETER[&amp;quot;Standard_Parallel_1&amp;quot;,29.5],PARAMETER[&amp;quot;Standard_Parallel_2&amp;quot;,45.5],PARAMETER[&amp;quot;Latitude_Of_Origin&amp;quot;,37.5],UNIT[&amp;quot;Meter&amp;quot;,1.0],AUTHORITY[&amp;quot;Esri&amp;quot;,102003]]&lt;/WKT&gt;&lt;XOrigin&gt;-16901100&lt;/XOrigin&gt;&lt;YOrigin&gt;-8579000&lt;/YOrigin&gt;&lt;XYScale&gt;10000&lt;/XYScale&gt;&lt;ZOrigin&gt;-100000&lt;/ZOrigin&gt;&lt;ZScale&gt;10000&lt;/ZScale&gt;&lt;MOrigin&gt;-100000&lt;/MOrigin&gt;&lt;MScale&gt;10000&lt;/MScale&gt;&lt;XYTolerance&gt;0.001&lt;/XYTolerance&gt;&lt;ZTolerance&gt;0.001&lt;/ZTolerance&gt;&lt;MTolerance&gt;0.001&lt;/MTolerance&gt;&lt;HighPrecision&gt;true&lt;/HighPrecision&gt;&lt;WKID&gt;102003&lt;/WKID&gt;&lt;LatestWKID&gt;102003&lt;/LatestWKID&gt;&lt;/ProjectedCoordinateSystem&gt;</peXml><projcsn Sync="TRUE">USA_Contiguous_Albers_Equal_Area_Conic</projcsn></coordRef></DataProperties><SyncDate>20181017</SyncDate><SyncTime>16221600</SyncTime><ModDate>20181017</ModDate><ModTime>16221600</ModTime></Esri><dataIdInfo><envirDesc Sync="TRUE"> Version 6.2 (Build 9200) ; Esri ArcGIS 10.4.1.5686</envirDesc><dataLang><languageCode value="eng" Sync="TRUE"></languageCode><countryCode value="USA" Sync="TRUE"></countryCode></dataLang><idCitation><resTitle Sync="TRUE">usdm_detailed_MC</resTitle><presForm><PresFormCd value="005" Sync="TRUE"></PresFormCd></presForm></idCitation><spatRpType><SpatRepTypCd value="001" Sync="TRUE"></SpatRepTypCd></spatRpType></dataIdInfo><mdLang><languageCode value="eng" Sync="TRUE"></languageCode><countryCode value="USA" Sync="TRUE"></countryCode></mdLang><distInfo><distFormat><formatName Sync="TRUE">File Geodatabase Feature Class</formatName></distFormat><distTranOps><transSize Sync="TRUE">0.000</transSize></distTranOps></distInfo><mdHrLv><ScopeCd value="005" Sync="TRUE"></ScopeCd></mdHrLv><mdHrLvName Sync="TRUE">dataset</mdHrLvName><refSysInfo><RefSystem><refSysID><identCode code="102003" Sync="TRUE"></identCode><idCodeSpace Sync="TRUE">Esri</idCodeSpace><idVersion Sync="TRUE">4.0.0</idVersion></refSysID></RefSystem></refSysInfo><spatRepInfo><VectSpatRep><geometObjs Name="usdm_detailed_MC"><geoObjTyp><GeoObjTypCd value="002" Sync="TRUE"></GeoObjTypCd></geoObjTyp><geoObjCnt Sync="TRUE">0</geoObjCnt></geometObjs><topLvl><TopoLevCd value="001" Sync="TRUE"></TopoLevCd></topLvl></VectSpatRep></spatRepInfo><spdoinfo><ptvctinf><esriterm Name="usdm_detailed_MC"><efeatyp Sync="TRUE">Simple</efeatyp><efeageom code="4" Sync="TRUE"></efeageom><esritopo Sync="TRUE">FALSE</esritopo><efeacnt Sync="TRUE">0</efeacnt><spindex Sync="TRUE">TRUE</spindex><linrefer Sync="TRUE">FALSE</linrefer></esriterm></ptvctinf></spdoinfo><eainfo><detailed Name="usdm_detailed_MC"><enttyp><enttypl Sync="TRUE">usdm_detailed_MC</enttypl><enttypt Sync="TRUE">Feature Class</enttypt><enttypc Sync="TRUE">0</enttypc></enttyp><attr><attrlabl Sync="TRUE">Shape</attrlabl><attalias Sync="TRUE">Shape</attalias><attrtype Sync="TRUE">Geometry</attrtype><attwidth Sync="TRUE">0</attwidth><atprecis Sync="TRUE">0</atprecis><attscale Sync="TRUE">0</attscale><attrdef Sync="TRUE">Feature geometry.</attrdef><attrdefs Sync="TRUE">Esri</attrdefs><attrdomv><udom Sync="TRUE">Coordinates defining the features.</udom></attrdomv></attr><attr><attrlabl Sync="TRUE">OBJECTID</attrlabl><attalias Sync="TRUE">OBJECTID</attalias><attrtype Sync="TRUE">OID</attrtype><attwidth Sync="TRUE">4</attwidth><atprecis Sync="TRUE">0</atprecis><attscale Sync="TRUE">0</attscale><attrdef Sync="TRUE">Internal feature number.</attrdef><attrdefs Sync="TRUE">Esri</attrdefs><attrdomv><udom Sync="TRUE">Sequential unique whole numbers that are automatically generated.</udom></attrdomv></attr><attr><attrlabl Sync="TRUE">DM</attrlabl><attalias Sync="TRUE">USDM Drought Level</attalias><attrtype Sync="TRUE">SmallInteger</attrtype><attwidth Sync="TRUE">2</attwidth><atprecis Sync="TRUE">0</atprecis><attscale Sync="TRUE">0</attscale></attr><attr><attrlabl Sync="TRUE">Shape_Area</attrlabl><attalias Sync="TRUE">Shape_Area</attalias><attrtype Sync="TRUE">Double</attrtype><attwidth Sync="TRUE">8</attwidth><atprecis Sync="TRUE">0</atprecis><attscale Sync="TRUE">0</attscale><attrdef Sync="TRUE">Area of feature in internal units squared.</attrdef><attrdefs Sync="TRUE">Esri</attrdefs><attrdomv><udom Sync="TRUE">Positive real numbers that are automatically generated.</udom></attrdomv></attr><attr><attrlabl Sync="TRUE">Shape_Length</attrlabl><attalias Sync="TRUE">Shape_Length</attalias><attrtype Sync="TRUE">Double</attrtype><attwidth Sync="TRUE">8</attwidth><atprecis Sync="TRUE">0</atprecis><attscale Sync="TRUE">0</attscale><attrdef Sync="TRUE">Length of feature in internal units.</attrdef><attrdefs Sync="TRUE">Esri</attrdefs><attrdomv><udom Sync="TRUE">Positive real numbers that are automatically generated.</udom></attrdomv></attr></detailed></eainfo><mdDateSt Sync="TRUE">20181017</mdDateSt><mdChar><CharSetCd value="004" Sync="TRUE"></CharSetCd></mdChar></metadata>
