<?xml version="1.0" encoding="UTF-8"?>
<metadata xml:lang="en"><Esri><CreaDate>20130919</CreaDate><CreaTime>20401100</CreaTime><SyncOnce>FALSE</SyncOnce><DataProperties><lineage><Process ToolSource="c:\program files (x86)\arcgis\desktop10.1\ArcToolbox\Toolboxes\Editing Tools.tbx\Generalize" Date="20130918" Time="095237">Generalize G:\WorkSpace\DroughtMonitor\Edited_RAW\usdm000314\Drought_Areas_US_D0.shp "100 Feet"</Process><Process ToolSource="c:\program files (x86)\arcgis\desktop10.1\ArcToolbox\Toolboxes\Data Management Tools.tbx\CopyFeatures" Date="20130919" Time="201108">CopyFeatures \\seca\f\OperationalProcessing\DroughtMonitor\raw\NeedUpdate2\usdm000314\Drought_Areas_US_D0.shp \\seca\f\OperationalProcessing\DroughtMonitor\processed\20000314\20000314.gdb\usdm_D0_P # 0 0 0</Process><Process ToolSource="c:\program files (x86)\arcgis\desktop10.1\ArcToolbox\Toolboxes\Data Management Tools.tbx\Merge" Date="20130919" Time="201241">Merge \\seca\f\OperationalProcessing\DroughtMonitor\processed\20000314\20000314.gdb\usdm_D0_P;\\seca\f\OperationalProcessing\DroughtMonitor\processed\20000314\20000314.gdb\usdm_D1_P \\seca\f\OperationalProcessing\DroughtMonitor\processed\20000314\20000314.gdb\usdm_D0_M "Id "Id" true true false 4 Long 0 0 ,First,#,\\seca\f\OperationalProcessing\DroughtMonitor\processed\20000314\20000314.gdb\usdm_D0_P,Id,-1,-1,\\seca\f\OperationalProcessing\DroughtMonitor\processed\20000314\20000314.gdb\usdm_D1_P,Id,-1,-1;Shape_Length "Shape_Length" false true true 8 Double 0 0 ,First,#,\\seca\f\OperationalProcessing\DroughtMonitor\processed\20000314\20000314.gdb\usdm_D0_P,Shape_Length,-1,-1,\\seca\f\OperationalProcessing\DroughtMonitor\processed\20000314\20000314.gdb\usdm_D1_P,Shape_Length,-1,-1;Shape_Area "Shape_Area" false true true 8 Double 0 0 ,First,#,\\seca\f\OperationalProcessing\DroughtMonitor\processed\20000314\20000314.gdb\usdm_D0_P,Shape_Area,-1,-1,\\seca\f\OperationalProcessing\DroughtMonitor\processed\20000314\20000314.gdb\usdm_D1_P,Shape_Area,-1,-1"</Process><Process ToolSource="c:\program files (x86)\arcgis\desktop10.1\ArcToolbox\Toolboxes\Data Management Tools.tbx\Dissolve" Date="20130919" Time="201317">Dissolve \\seca\f\OperationalProcessing\DroughtMonitor\processed\20000314\20000314.gdb\usdm_D0_M \\seca\f\OperationalProcessing\DroughtMonitor\processed\20000314\20000314.gdb\usdm_D0_D # # MULTI_PART DISSOLVE_LINES</Process><Process ToolSource="c:\program files (x86)\arcgis\desktop10.1\ArcToolbox\Toolboxes\Data Management Tools.tbx\AddField" Date="20130919" Time="201416">AddField \\seca\f\OperationalProcessing\DroughtMonitor\processed\20000314\20000314.gdb\usdm_D0_D DM SHORT # # # "USDM Drought Level" NULLABLE NON_REQUIRED #</Process><Process ToolSource="c:\program files (x86)\arcgis\desktop10.1\ArcToolbox\Toolboxes\Data Management Tools.tbx\CalculateField" Date="20130919" Time="201433">CalculateField \\seca\f\OperationalProcessing\DroughtMonitor\processed\20000314\20000314.gdb\usdm_D0_D DM 0 PYTHON #</Process><Process ToolSource="c:\program files (x86)\arcgis\desktop10.1\ArcToolbox\Toolboxes\Analysis Tools.tbx\Erase" Date="20130919" Time="201512">Erase \\seca\f\OperationalProcessing\DroughtMonitor\processed\20000314\20000314.gdb\usdm_D0_D \\seca\f\OperationalProcessing\DroughtMonitor\processed\20000314\20000314.gdb\usdm_D1_D \\seca\f\OperationalProcessing\DroughtMonitor\processed\20000314\20000314.gdb\usdm_D0_E #</Process><Process ToolSource="c:\program files (x86)\arcgis\desktop10.1\ArcToolbox\Toolboxes\Data Management Tools.tbx\Merge" Date="20130919" Time="201609">Merge \\seca\f\OperationalProcessing\DroughtMonitor\processed\20000314\20000314.gdb\usdm_D0_E;\\seca\f\OperationalProcessing\DroughtMonitor\processed\20000314\20000314.gdb\usdm_D1_E;\\seca\f\OperationalProcessing\DroughtMonitor\processed\20000314\20000314.gdb\usdm_D2_E;\\seca\f\OperationalProcessing\DroughtMonitor\processed\20000314\20000314.gdb\usdm_D3_E;\\seca\f\OperationalProcessing\DroughtMonitor\processed\20000314\20000314.gdb\usdm_D4_D \\seca\f\OperationalProcessing\DroughtMonitor\processed\20000314\20000314.gdb\usdm_RAW_M "DM "USDM Drought Level" true true false 2 Short 0 0 ,First,#,\\seca\f\OperationalProcessing\DroughtMonitor\processed\20000314\20000314.gdb\usdm_D0_E,DM,-1,-1,\\seca\f\OperationalProcessing\DroughtMonitor\processed\20000314\20000314.gdb\usdm_D1_E,DM,-1,-1,\\seca\f\OperationalProcessing\DroughtMonitor\processed\20000314\20000314.gdb\usdm_D2_E,DM,-1,-1,\\seca\f\OperationalProcessing\DroughtMonitor\processed\20000314\20000314.gdb\usdm_D3_E,DM,-1,-1,\\seca\f\OperationalProcessing\DroughtMonitor\processed\20000314\20000314.gdb\usdm_D4_D,DM,-1,-1;Shape_Length "Shape_Length" false true true 8 Double 0 0 ,First,#,\\seca\f\OperationalProcessing\DroughtMonitor\processed\20000314\20000314.gdb\usdm_D0_E,Shape_Length,-1,-1,\\seca\f\OperationalProcessing\DroughtMonitor\processed\20000314\20000314.gdb\usdm_D1_E,Shape_Length,-1,-1,\\seca\f\OperationalProcessing\DroughtMonitor\processed\20000314\20000314.gdb\usdm_D2_E,Shape_Length,-1,-1,\\seca\f\OperationalProcessing\DroughtMonitor\processed\20000314\20000314.gdb\usdm_D3_E,Shape_Length,-1,-1,\\seca\f\OperationalProcessing\DroughtMonitor\processed\20000314\20000314.gdb\usdm_D4_D,Shape_Length,-1,-1;Shape_Area "Shape_Area" false true true 8 Double 0 0 ,First,#,\\seca\f\OperationalProcessing\DroughtMonitor\processed\20000314\20000314.gdb\usdm_D0_E,Shape_Area,-1,-1,\\seca\f\OperationalProcessing\DroughtMonitor\processed\20000314\20000314.gdb\usdm_D1_E,Shape_Area,-1,-1,\\seca\f\OperationalProcessing\DroughtMonitor\processed\20000314\20000314.gdb\usdm_D2_E,Shape_Area,-1,-1,\\seca\f\OperationalProcessing\DroughtMonitor\processed\20000314\20000314.gdb\usdm_D3_E,Shape_Area,-1,-1,\\seca\f\OperationalProcessing\DroughtMonitor\processed\20000314\20000314.gdb\usdm_D4_D,Shape_Area,-1,-1"</Process><Process ToolSource="c:\program files (x86)\arcgis\desktop10.1\ArcToolbox\Toolboxes\Analysis Tools.tbx\Clip" Date="20130919" Time="201657">Clip \\seca\f\OperationalProcessing\DroughtMonitor\processed\20000314\20000314.gdb\usdm_RAW_M \\seca\f\OperationalProcessing\DroughtMonitor\Basedata\counties_detailed.shp \\seca\f\OperationalProcessing\DroughtMonitor\processed\20000314\20000314.gdb\usdm_detailed_MC #</Process><Process ToolSource="c:\program files (x86)\arcgis\desktop10.1\ArcToolbox\Toolboxes\Data Management Tools.tbx\Project" Date="20130919" Time="204011">Project \\seca\f\OperationalProcessing\DroughtMonitor\processed\20000314\20000314.gdb\usdm_detailed_MC \\seca\f\OperationalProcessing\DroughtMonitor\data\shapefiles_m\USDM_20000314.shp GEOGCS['GCS_WGS_1984',DATUM['D_WGS_1984',SPHEROID['WGS_1984',6378137.0,298.257223563]],PRIMEM['Greenwich',0.0],UNIT['Degree',0.0174532925199433],METADATA['World',-180.0,-90.0,180.0,90.0,0.0,0.0174532925199433,0.0,1262]] WGS_1984_(ITRF00)_To_NAD_1983 PROJCS['USA_Contiguous_Albers_Equal_Area_Conic',GEOGCS['GCS_North_American_1983',DATUM['D_North_American_1983',SPHEROID['GRS_1980',6378137.0,298.257222101]],PRIMEM['Greenwich',0.0],UNIT['Degree',0.0174532925199433]],PROJECTION['Albers'],PARAMETER['False_Easting',0.0],PARAMETER['False_Northing',0.0],PARAMETER['central_meridian',-96.0],PARAMETER['Standard_Parallel_1',29.5],PARAMETER['Standard_Parallel_2',45.5],PARAMETER['latitude_of_origin',37.5],UNIT['Meter',1.0]]</Process></lineage><itemProps><itemName Sync="TRUE">usdm_detailed_MC</itemName><imsContentType Sync="TRUE">002</imsContentType><itemLocation><linkage Sync="TRUE">file://\\seca\f\OperationalProcessing\DroughtMonitor\processed\20000314\20000314.gdb</linkage><protocol Sync="TRUE">Local Area Network</protocol></itemLocation></itemProps><coordRef><type Sync="TRUE">Projected</type><geogcsn Sync="TRUE">GCS_North_American_1983</geogcsn><csUnits Sync="TRUE">Linear Unit: Meter (1.000000)</csUnits><projcsn Sync="TRUE">USA_Contiguous_Albers_Equal_Area_Conic</projcsn><peXml Sync="TRUE">&lt;ProjectedCoordinateSystem xsi:type='typens:ProjectedCoordinateSystem' xmlns:xsi='http://www.w3.org/2001/XMLSchema-instance' xmlns:xs='http://www.w3.org/2001/XMLSchema' xmlns:typens='http://www.esri.com/schemas/ArcGIS/10.1'&gt;&lt;WKT&gt;PROJCS[&amp;quot;USA_Contiguous_Albers_Equal_Area_Conic&amp;quot;,GEOGCS[&amp;quot;GCS_North_American_1983&amp;quot;,DATUM[&amp;quot;D_North_American_1983&amp;quot;,SPHEROID[&amp;quot;GRS_1980&amp;quot;,6378137.0,298.257222101]],PRIMEM[&amp;quot;Greenwich&amp;quot;,0.0],UNIT[&amp;quot;Degree&amp;quot;,0.0174532925199433]],PROJECTION[&amp;quot;Albers&amp;quot;],PARAMETER[&amp;quot;False_Easting&amp;quot;,0.0],PARAMETER[&amp;quot;False_Northing&amp;quot;,0.0],PARAMETER[&amp;quot;central_meridian&amp;quot;,-96.0],PARAMETER[&amp;quot;Standard_Parallel_1&amp;quot;,29.5],PARAMETER[&amp;quot;Standard_Parallel_2&amp;quot;,45.5],PARAMETER[&amp;quot;latitude_of_origin&amp;quot;,37.5],UNIT[&amp;quot;Meter&amp;quot;,1.0],AUTHORITY[&amp;quot;ESRI&amp;quot;,102003]]&lt;/WKT&gt;&lt;XOrigin&gt;-16901100&lt;/XOrigin&gt;&lt;YOrigin&gt;-8579000&lt;/YOrigin&gt;&lt;XYScale&gt;10000&lt;/XYScale&gt;&lt;ZOrigin&gt;-100000&lt;/ZOrigin&gt;&lt;ZScale&gt;10000&lt;/ZScale&gt;&lt;MOrigin&gt;-100000&lt;/MOrigin&gt;&lt;MScale&gt;10000&lt;/MScale&gt;&lt;XYTolerance&gt;0.001&lt;/XYTolerance&gt;&lt;ZTolerance&gt;0.001&lt;/ZTolerance&gt;&lt;MTolerance&gt;0.001&lt;/MTolerance&gt;&lt;HighPrecision&gt;true&lt;/HighPrecision&gt;&lt;WKID&gt;102003&lt;/WKID&gt;&lt;LatestWKID&gt;102003&lt;/LatestWKID&gt;&lt;/ProjectedCoordinateSystem&gt;</peXml></coordRef></DataProperties><SyncDate>20130919</SyncDate><SyncTime>20165300</SyncTime><ModDate>20130919</ModDate><ModTime>20165300</ModTime><ArcGISFormat>1.0</ArcGISFormat></Esri><idinfo><citation><citeinfo><onlink Sync="TRUE">\\SNR-0812\D$\DM\2000\drmon0314\Drought_Areas_US_D0</onlink></citeinfo></citation></idinfo><distInfo><distributor><distorTran><onLineSrc><linkage Sync="TRUE">file://\\SNR-0812\D$\DM\2000\drmon0314\Drought_Areas_US_D0</linkage><protocol Sync="TRUE">Local Area Network</protocol></onLineSrc></distorTran></distributor><distFormat><formatName Sync="TRUE">File Geodatabase Feature Class</formatName></distFormat></distInfo><dataqual><lineage><procstep><procdesc Sync="TRUE">Dataset copied.</procdesc><srcused Sync="TRUE">D:\DM\2003\drmon1223\Drought_Areas_US_D0</srcused><date Sync="TRUE">20070124</date><time Sync="TRUE">16002300</time></procstep><procstep><procdesc Sync="TRUE">Dataset copied.</procdesc><srcused Sync="TRUE">D:\DM\2001\drmon0807\Drought_Areas_US_D0</srcused><date Sync="TRUE">20071205</date><time Sync="TRUE">12000900</time></procstep><procstep><procdesc Sync="TRUE">Dataset copied.</procdesc><srcused Sync="TRUE">D:\DM\2001\drmon0821\Drought_Areas_US_D0</srcused><date Sync="TRUE">20071205</date><time Sync="TRUE">13382800</time></procstep><procstep><procdesc Sync="TRUE">Dataset copied.</procdesc><srcused Sync="TRUE">D:\DM\2001\drmon0814\Drought_Areas_US_D0</srcused><date Sync="TRUE">20071206</date><time Sync="TRUE">12582000</time></procstep><procstep><procdesc Sync="TRUE">Dataset copied.</procdesc><srcused Sync="TRUE">D:\DM\2001\drmon0807\Drought_Areas_US_D0</srcused><date Sync="TRUE">20071207</date><time Sync="TRUE">10185500</time></procstep><procstep><procdesc Sync="TRUE">Dataset copied.</procdesc><srcused Sync="TRUE">D:\DM\2001\drmon0731\Drought_Areas_US_D0</srcused><date Sync="TRUE">20071207</date><time Sync="TRUE">12065500</time></procstep><procstep><procdesc Sync="TRUE">Dataset copied.</procdesc><srcused Sync="TRUE">D:\DM\2001\drmon0724\Drought_Areas_US_D0</srcused><date Sync="TRUE">20071207</date><time Sync="TRUE">14140500</time></procstep><procstep><procdesc Sync="TRUE">Dataset copied.</procdesc><srcused Sync="TRUE">D:\DM\2001\drmon0717\Drought_Areas_US_D0</srcused><date Sync="TRUE">20071207</date><time Sync="TRUE">15085400</time></procstep><procstep><procdesc Sync="TRUE">Dataset copied.</procdesc><srcused Sync="TRUE">D:\DM\2001\drmon0710\Drought_Areas_US_D0</srcused><date Sync="TRUE">20071210</date><time Sync="TRUE">14315400</time></procstep><procstep><procdesc Sync="TRUE">Dataset copied.</procdesc><srcused Sync="TRUE">D:\DM\2001\drmon0703\Drought_Areas_US_D0</srcused><date Sync="TRUE">20071210</date><time Sync="TRUE">15172400</time></procstep><procstep><procdesc Sync="TRUE">Dataset copied.</procdesc><srcused Sync="TRUE">D:\DM\2001\drmon0626\Drought_Areas_US_D0</srcused><date Sync="TRUE">20071211</date><time Sync="TRUE">14232800</time></procstep><procstep><procdesc Sync="TRUE">Dataset copied.</procdesc><srcused Sync="TRUE">D:\DM\2001\drmon0619\Drought_Areas_US_D0</srcused><date Sync="TRUE">20071211</date><time Sync="TRUE">14543100</time></procstep><procstep><procdesc Sync="TRUE">Dataset copied.</procdesc><srcused Sync="TRUE">D:\DM\2001\drmon0612\Drought_Areas_US_D0</srcused><date Sync="TRUE">20071212</date><time Sync="TRUE">12590200</time></procstep><procstep><procdesc Sync="TRUE">Dataset copied.</procdesc><srcused Sync="TRUE">D:\DM\2001\drmon0605\Drought_Areas_US_D0</srcused><date Sync="TRUE">20071212</date><time Sync="TRUE">14131700</time></procstep><procstep><procdesc Sync="TRUE">Dataset copied.</procdesc><srcused Sync="TRUE">D:\DM\2001\drmon0529\Drought_Areas_US_D0</srcused><date Sync="TRUE">20071212</date><time Sync="TRUE">15080800</time></procstep><procstep><procdesc Sync="TRUE">Dataset copied.</procdesc><srcused Sync="TRUE">D:\DM\2001\drmon0522\Drought_Areas_US_D0</srcused><date Sync="TRUE">20071212</date><time Sync="TRUE">16443200</time></procstep><procstep><procdesc Sync="TRUE">Dataset copied.</procdesc><srcused Sync="TRUE">D:\DM\2001\drmon0515\Drought_Areas_US_D0</srcused><date Sync="TRUE">20071213</date><time Sync="TRUE">10302000</time></procstep><procstep><procdesc Sync="TRUE">Dataset copied.</procdesc><srcused Sync="TRUE">D:\DM\2001\drmon0508\Drought_Areas_US_D0</srcused><date Sync="TRUE">20071213</date><time Sync="TRUE">11201000</time></procstep><procstep><procdesc Sync="TRUE">Dataset copied.</procdesc><srcused Sync="TRUE">D:\DM\2001\drmon0501\Drought_Areas_US_D0</srcused><date Sync="TRUE">20071213</date><time Sync="TRUE">12582700</time></procstep><procstep><procdesc Sync="TRUE">Dataset copied.</procdesc><srcused Sync="TRUE">D:\DM\2001\drmon0424\Drought_Areas_US_D0</srcused><date Sync="TRUE">20071213</date><time Sync="TRUE">14223000</time></procstep><procstep><procdesc Sync="TRUE">Dataset copied.</procdesc><srcused Sync="TRUE">D:\DM\2001\drmon0417\Drought_Areas_US_D0</srcused><date Sync="TRUE">20071213</date><time Sync="TRUE">14592600</time></procstep><procstep><procdesc Sync="TRUE">Dataset copied.</procdesc><srcused Sync="TRUE">D:\DM\2001\drmon0410\Drought_Areas_US_D0</srcused><date Sync="TRUE">20071213</date><time Sync="TRUE">15454600</time></procstep><procstep><procdesc Sync="TRUE">Dataset copied.</procdesc><srcused Sync="TRUE">D:\DM\2001\drmon0403\Drought_Areas_US_D0</srcused><date Sync="TRUE">20071214</date><time Sync="TRUE">10353000</time></procstep><procstep><procdesc Sync="TRUE">Dataset copied.</procdesc><srcused Sync="TRUE">D:\DM\2001\drmon0327\Drought_Areas_US_D0</srcused><date Sync="TRUE">20071214</date><time Sync="TRUE">11252900</time></procstep><procstep><procdesc Sync="TRUE">Dataset copied.</procdesc><srcused Sync="TRUE">D:\DM\2001\drmon0320\Drought_Areas_US_D0</srcused><date Sync="TRUE">20071214</date><time Sync="TRUE">11523400</time></procstep><procstep><procdesc Sync="TRUE">Dataset copied.</procdesc><srcused Sync="TRUE">D:\DM\2001\drmon0313\Drought_Areas_US_D0</srcused><date Sync="TRUE">20071214</date><time Sync="TRUE">13493900</time></procstep><procstep><procdesc Sync="TRUE">Dataset copied.</procdesc><srcused Sync="TRUE">D:\DM\2001\drmon0306\Drought_Areas_US_D0</srcused><date Sync="TRUE">20071214</date><time Sync="TRUE">14364400</time></procstep><procstep><procdesc Sync="TRUE">Dataset copied.</procdesc><srcused Sync="TRUE">D:\DM\2001\drmon0227\Drought_Areas_US_D0</srcused><date Sync="TRUE">20071214</date><time Sync="TRUE">15080500</time></procstep><procstep><procdesc Sync="TRUE">Dataset copied.</procdesc><srcused Sync="TRUE">D:\DM\2001\drmon0220\Drought_Areas_US_D0</srcused><date Sync="TRUE">20071214</date><time Sync="TRUE">16085200</time></procstep><procstep><procdesc Sync="TRUE">Dataset copied.</procdesc><srcused Sync="TRUE">D:\DM\2001\drmon0213\Drought_Areas_US_D0</srcused><date Sync="TRUE">20071217</date><time Sync="TRUE">13332800</time></procstep><procstep><procdesc Sync="TRUE">Dataset copied.</procdesc><srcused Sync="TRUE">D:\DM\2001\drmon0206\Drought_Areas_US_D0</srcused><date Sync="TRUE">20071217</date><time Sync="TRUE">14434200</time></procstep><procstep><procdesc Sync="TRUE">Dataset copied.</procdesc><srcused Sync="TRUE">D:\DM\2001\drmon0130\Drought_Areas_US_D0</srcused><date Sync="TRUE">20071217</date><time Sync="TRUE">15325100</time></procstep><procstep><procdesc Sync="TRUE">Dataset copied.</procdesc><srcused Sync="TRUE">D:\DM\2001\drmon0123\Drought_Areas_US_D0</srcused><date Sync="TRUE">20071218</date><time Sync="TRUE">11493300</time></procstep><procstep><procdesc Sync="TRUE">Dataset copied.</procdesc><srcused Sync="TRUE">D:\DM\2001\drmon0116\Drought_Areas_US_D0</srcused><date Sync="TRUE">20071218</date><time Sync="TRUE">13505900</time></procstep><procstep><procdesc Sync="TRUE">Dataset copied.</procdesc><srcused Sync="TRUE">D:\DM\2001\drmon0109\Drought_Areas_US_D0</srcused><date Sync="TRUE">20071218</date><time Sync="TRUE">14201700</time></procstep><procstep><procdesc Sync="TRUE">Dataset copied.</procdesc><srcused Sync="TRUE">D:\DM\2001\drmon0102\Drought_Areas_US_D0</srcused><date Sync="TRUE">20071218</date><time Sync="TRUE">15223300</time></procstep><procstep><procdesc Sync="TRUE">Dataset copied.</procdesc><srcused Sync="TRUE">D:\DM\2000\drmon1226\Drought_Areas_US_D0</srcused><date Sync="TRUE">20080116</date><time Sync="TRUE">12503100</time></procstep><procstep><procdesc Sync="TRUE">Dataset copied.</procdesc><srcused Sync="TRUE">D:\DM\2000\drmon1219\Drought_Areas_US_D0</srcused><date Sync="TRUE">20080116</date><time Sync="TRUE">15090200</time></procstep><procstep><procdesc Sync="TRUE">Dataset copied.</procdesc><srcused Sync="TRUE">D:\DM\2000\drmon1212\Drought_Areas_US_D0</srcused><date Sync="TRUE">20080117</date><time Sync="TRUE">10373700</time></procstep><procstep><procdesc Sync="TRUE">Dataset copied.</procdesc><srcused Sync="TRUE">D:\DM\2000\drmon1205\Drought_Areas_US_D0</srcused><date Sync="TRUE">20080117</date><time Sync="TRUE">11381800</time></procstep><procstep><procdesc Sync="TRUE">Dataset copied.</procdesc><srcused Sync="TRUE">D:\DM\2000\drmon1128\Drought_Areas_US_D0</srcused><date Sync="TRUE">20080117</date><time Sync="TRUE">12231000</time></procstep><procstep><procdesc Sync="TRUE">Dataset copied.</procdesc><srcused Sync="TRUE">D:\DM\2000\drmon1121\Drought_Areas_US_D0</srcused><date Sync="TRUE">20080117</date><time Sync="TRUE">14314400</time></procstep><procstep><procdesc Sync="TRUE">Dataset copied.</procdesc><srcused Sync="TRUE">D:\DM\2000\drmon1114\Drought_Areas_US_D0</srcused><date Sync="TRUE">20080129</date><time Sync="TRUE">11252000</time></procstep><procstep><procdesc Sync="TRUE">Dataset copied.</procdesc><srcused Sync="TRUE">D:\DM\2000\drmon1107\Drought_Areas_US_D0</srcused><date Sync="TRUE">20080129</date><time Sync="TRUE">16040600</time></procstep><procstep><procdesc Sync="TRUE">Dataset copied.</procdesc><srcused Sync="TRUE">D:\DM\2000\drmon1031\Drought_Areas_US_D0</srcused><date Sync="TRUE">20080130</date><time Sync="TRUE">14553700</time></procstep><procstep><procdesc Sync="TRUE">Dataset copied.</procdesc><srcused Sync="TRUE">D:\DM\2000\drmon1024\Drought_Areas_US_D0</srcused><date Sync="TRUE">20080130</date><time Sync="TRUE">16095600</time></procstep><procstep><procdesc Sync="TRUE">Dataset copied.</procdesc><srcused Sync="TRUE">D:\DM\2000\drmon1017\Drought_Areas_US_D0</srcused><date Sync="TRUE">20080131</date><time Sync="TRUE">11544600</time></procstep><procstep><procdesc Sync="TRUE">Dataset copied.</procdesc><srcused Sync="TRUE">D:\DM\2000\drmon1010\Drought_Areas_US_D0</srcused><date Sync="TRUE">20080131</date><time Sync="TRUE">15364100</time></procstep><procstep><procdesc Sync="TRUE">Dataset copied.</procdesc><srcused Sync="TRUE">D:\DM\2000\drmon1003\Drought_Areas_US_D0</srcused><date Sync="TRUE">20080201</date><time Sync="TRUE">14352800</time></procstep><procstep><procdesc Sync="TRUE">Dataset copied.</procdesc><srcused Sync="TRUE">D:\DM\2000\drmon0926\Drought_Areas_US_D0</srcused><date Sync="TRUE">20080211</date><time Sync="TRUE">11421500</time></procstep><procstep><procdesc Sync="TRUE">Dataset copied.</procdesc><srcused Sync="TRUE">D:\DM\2000\drmon0919\Drought_Areas_US_D0</srcused><date Sync="TRUE">20080211</date><time Sync="TRUE">14104100</time></procstep><procstep><procdesc Sync="TRUE">Dataset copied.</procdesc><srcused Sync="TRUE">D:\DM\2000\drmon0912\Drought_Areas_US_D0</srcused><date Sync="TRUE">20080213</date><time Sync="TRUE">09484700</time></procstep><procstep><procdesc Sync="TRUE">Dataset copied.</procdesc><srcused Sync="TRUE">D:\DM\2000\drmon0905\Drought_Areas_US_D0</srcused><date Sync="TRUE">20080213</date><time Sync="TRUE">10371900</time></procstep><procstep><procdesc Sync="TRUE">Dataset copied.</procdesc><srcused Sync="TRUE">D:\DM\2000\drmon0829\Drought_Areas_US_D0</srcused><date Sync="TRUE">20080213</date><time Sync="TRUE">17072800</time></procstep><procstep><procdesc Sync="TRUE">Dataset copied.</procdesc><srcused Sync="TRUE">D:\DM\2000\drmon0822\Drought_Areas_US_D0</srcused><date Sync="TRUE">20080214</date><time Sync="TRUE">10504400</time></procstep><procstep><procdesc Sync="TRUE">Dataset copied.</procdesc><srcused Sync="TRUE">D:\DM\2000\drmon0815\Drought_Areas_US_D0</srcused><date Sync="TRUE">20080215</date><time Sync="TRUE">09544500</time></procstep><procstep><procdesc Sync="TRUE">Dataset copied.</procdesc><srcused Sync="TRUE">D:\DM\2000\drmon0808\Drought_Areas_US_D0</srcused><date Sync="TRUE">20080215</date><time Sync="TRUE">10430600</time></procstep><procstep><procdesc Sync="TRUE">Dataset copied.</procdesc><srcused Sync="TRUE">D:\DM\2000\drmon0801\Drought_Areas_US_D0</srcused><date Sync="TRUE">20080215</date><time Sync="TRUE">11534400</time></procstep><procstep><procdesc Sync="TRUE">Dataset copied.</procdesc><srcused Sync="TRUE">D:\DM\2000\drmon0725\Drought_Areas_US_D0</srcused><date Sync="TRUE">20080218</date><time Sync="TRUE">10453100</time></procstep><procstep><procdesc Sync="TRUE">Dataset copied.</procdesc><srcused Sync="TRUE">D:\DM\2000\drmon0718\Drought_Areas_US_D0</srcused><date Sync="TRUE">20080218</date><time Sync="TRUE">14055100</time></procstep><procstep><procdesc Sync="TRUE">Dataset copied.</procdesc><srcused Sync="TRUE">D:\DM\2000\drmon0711\Drought_Areas_US_D0</srcused><date Sync="TRUE">20080219</date><time Sync="TRUE">11225300</time></procstep><procstep><procdesc Sync="TRUE">Dataset copied.</procdesc><srcused Sync="TRUE">D:\DM\2000\drmon0704\Drought_Areas_US_D0</srcused><date Sync="TRUE">20080219</date><time Sync="TRUE">12505100</time></procstep><procstep><procdesc Sync="TRUE">Dataset copied.</procdesc><srcused Sync="TRUE">D:\DM\2000\drmon0627\Drought_Areas_US_D0</srcused><date Sync="TRUE">20080219</date><time Sync="TRUE">14562600</time></procstep><procstep><procdesc Sync="TRUE">Dataset copied.</procdesc><srcused Sync="TRUE">D:\DM\2000\drmon0620\Drought_Areas_US_D0</srcused><date Sync="TRUE">20080220</date><time Sync="TRUE">10280700</time></procstep><procstep><procdesc Sync="TRUE">Dataset copied.</procdesc><srcused Sync="TRUE">D:\DM\2000\drmon0613\Drought_Areas_US_D0</srcused><date Sync="TRUE">20080220</date><time Sync="TRUE">11035700</time></procstep><procstep><procdesc Sync="TRUE">Dataset copied.</procdesc><srcused Sync="TRUE">D:\DM\2000\drmon0606\Drought_Areas_US_D0</srcused><date Sync="TRUE">20080220</date><time Sync="TRUE">12092600</time></procstep><procstep><procdesc Sync="TRUE">Dataset copied.</procdesc><srcused Sync="TRUE">D:\DM\2000\drmon0530\Drought_Areas_US_D0</srcused><date Sync="TRUE">20080220</date><time Sync="TRUE">14450700</time></procstep><procstep><procdesc Sync="TRUE">Dataset copied.</procdesc><srcused Sync="TRUE">D:\DM\2000\drmon0523\Drought_Areas_US_D0</srcused><date Sync="TRUE">20080221</date><time Sync="TRUE">12251100</time></procstep><procstep><procdesc Sync="TRUE">Dataset copied.</procdesc><srcused Sync="TRUE">D:\DM\2000\drmon0516\Drought_Areas_US_D0</srcused><date Sync="TRUE">20080221</date><time Sync="TRUE">15113300</time></procstep><procstep><procdesc Sync="TRUE">Dataset copied.</procdesc><srcused Sync="TRUE">D:\DM\2000\drmon0509\Drought_Areas_US_D0</srcused><date Sync="TRUE">20080222</date><time Sync="TRUE">10520400</time></procstep><procstep><procdesc Sync="TRUE">Dataset copied.</procdesc><srcused Sync="TRUE">D:\DM\2000\drmon0502\Drought_Areas_US_D0</srcused><date Sync="TRUE">20080222</date><time Sync="TRUE">11223000</time></procstep><procstep><procdesc Sync="TRUE">Dataset copied.</procdesc><srcused Sync="TRUE">D:\DM\2000\drmon0425\Drought_Areas_US_D0</srcused><date Sync="TRUE">20080225</date><time Sync="TRUE">09430000</time></procstep><procstep><procdesc Sync="TRUE">Dataset copied.</procdesc><srcused Sync="TRUE">D:\DM\2000\drmon0418\Drought_Areas_US_D0</srcused><date Sync="TRUE">20080225</date><time Sync="TRUE">10131400</time></procstep><procstep><procdesc Sync="TRUE">Dataset copied.</procdesc><srcused Sync="TRUE">D:\DM\2000\drmon0411\Drought_Areas_US_D0</srcused><date Sync="TRUE">20080225</date><time Sync="TRUE">12161500</time></procstep><procstep><procdesc Sync="TRUE">Dataset copied.</procdesc><srcused Sync="TRUE">D:\DM\2000\drmon0404\Drought_Areas_US_D0</srcused><date Sync="TRUE">20080225</date><time Sync="TRUE">13330700</time></procstep><procstep><procdesc Sync="TRUE">Dataset copied.</procdesc><srcused Sync="TRUE">D:\DM\2000\drmon0328\Drought_Areas_US_D0</srcused><date Sync="TRUE">20080226</date><time Sync="TRUE">11033500</time></procstep><procstep><procdesc Sync="TRUE">Dataset copied.</procdesc><srcused Sync="TRUE">D:\DM\2000\drmon0321\Drought_Areas_US_D0</srcused><date Sync="TRUE">20080227</date><time Sync="TRUE">13003800</time></procstep></lineage></dataqual><dataIdInfo><envirDesc Sync="TRUE">Microsoft Windows 7 Version 6.1 (Build 7601) Service Pack 1; Esri ArcGIS 10.1.0.3035</envirDesc><dataLang><languageCode value="eng" Sync="TRUE"></languageCode><countryCode value="USA" Sync="TRUE"></countryCode></dataLang><idCitation><resTitle Sync="TRUE">usdm_detailed_MC</resTitle><presForm><PresFormCd value="005" Sync="TRUE"></PresFormCd></presForm></idCitation><spatRpType><SpatRepTypCd value="001" Sync="TRUE"></SpatRepTypCd></spatRpType></dataIdInfo><mdLang><languageCode value="eng" Sync="TRUE"></languageCode><countryCode value="USA" Sync="TRUE"></countryCode></mdLang><mdHrLv><ScopeCd value="005" Sync="TRUE"></ScopeCd></mdHrLv><mdHrLvName Sync="TRUE">dataset</mdHrLvName><refSysInfo><RefSystem><refSysID><identCode code="102003" Sync="TRUE" value="102003"></identCode><idCodeSpace Sync="TRUE">ESRI</idCodeSpace><idVersion Sync="TRUE">10.1.0</idVersion></refSysID></RefSystem></refSysInfo><spatRepInfo><VectSpatRep><geometObjs Name="usdm_detailed_MC"><geoObjTyp><GeoObjTypCd value="002" Sync="TRUE"></GeoObjTypCd></geoObjTyp><geoObjCnt Sync="TRUE">0</geoObjCnt></geometObjs><topLvl><TopoLevCd value="001" Sync="TRUE"></TopoLevCd></topLvl></VectSpatRep></spatRepInfo><spdoinfo><ptvctinf><esriterm Name="usdm_detailed_MC"><efeatyp Sync="TRUE">Simple</efeatyp><efeageom code="4" Sync="TRUE"></efeageom><esritopo Sync="TRUE">FALSE</esritopo><efeacnt Sync="TRUE">0</efeacnt><spindex Sync="TRUE">TRUE</spindex><linrefer Sync="TRUE">FALSE</linrefer></esriterm></ptvctinf></spdoinfo><eainfo><detailed Name="usdm_detailed_MC"><enttyp><enttypl Sync="TRUE">usdm_detailed_MC</enttypl><enttypt Sync="TRUE">Feature Class</enttypt><enttypc Sync="TRUE">0</enttypc></enttyp><attr><attrlabl Sync="TRUE">OBJECTID</attrlabl><attalias Sync="TRUE">OBJECTID</attalias><attrtype Sync="TRUE">OID</attrtype><attwidth Sync="TRUE">4</attwidth><atprecis Sync="TRUE">0</atprecis><attscale Sync="TRUE">0</attscale><attrdef Sync="TRUE">Internal feature number.</attrdef><attrdefs Sync="TRUE">Esri</attrdefs><attrdomv><udom Sync="TRUE">Sequential unique whole numbers that are automatically generated.</udom></attrdomv></attr><attr><attrlabl Sync="TRUE">Shape</attrlabl><attalias Sync="TRUE">Shape</attalias><attrtype Sync="TRUE">Geometry</attrtype><attwidth Sync="TRUE">0</attwidth><atprecis Sync="TRUE">0</atprecis><attscale Sync="TRUE">0</attscale><attrdef Sync="TRUE">Feature geometry.</attrdef><attrdefs Sync="TRUE">Esri</attrdefs><attrdomv><udom Sync="TRUE">Coordinates defining the features.</udom></attrdomv></attr><attr><attrlabl Sync="TRUE">DM</attrlabl><attalias Sync="TRUE">USDM Drought Level</attalias><attrtype Sync="TRUE">SmallInteger</attrtype><attwidth Sync="TRUE">2</attwidth><atprecis Sync="TRUE">0</atprecis><attscale Sync="TRUE">0</attscale></attr><attr><attrlabl Sync="TRUE">Shape_Length</attrlabl><attalias Sync="TRUE">Shape_Length</attalias><attrtype Sync="TRUE">Double</attrtype><attwidth Sync="TRUE">8</attwidth><atprecis Sync="TRUE">0</atprecis><attscale Sync="TRUE">0</attscale><attrdef Sync="TRUE">Length of feature in internal units.</attrdef><attrdefs Sync="TRUE">Esri</attrdefs><attrdomv><udom Sync="TRUE">Positive real numbers that are automatically generated.</udom></attrdomv></attr><attr><attrlabl Sync="TRUE">Shape_Area</attrlabl><attalias Sync="TRUE">Shape_Area</attalias><attrtype Sync="TRUE">Double</attrtype><attwidth Sync="TRUE">8</attwidth><atprecis Sync="TRUE">0</atprecis><attscale Sync="TRUE">0</attscale><attrdef Sync="TRUE">Area of feature in internal units squared.</attrdef><attrdefs Sync="TRUE">Esri</attrdefs><attrdomv><udom Sync="TRUE">Positive real numbers that are automatically generated.</udom></attrdomv></attr></detailed></eainfo><mdDateSt Sync="TRUE">20130919</mdDateSt></metadata>
