<?xml version="1.0" encoding="UTF-8"?>
<metadata xml:lang="en"><Esri><CreaDate>20130920</CreaDate><CreaTime>02355100</CreaTime><SyncOnce>FALSE</SyncOnce><SyncDate>20130920</SyncDate><SyncTime>02133100</SyncTime><ModDate>20130920</ModDate><ModTime>02133100</ModTime><DataProperties><lineage><Process ToolSource="c:\program files (x86)\arcgis\desktop10.1\ArcToolbox\Toolboxes\Editing Tools.tbx\Generalize" Date="20130918" Time="095242">Generalize G:\WorkSpace\DroughtMonitor\Edited_RAW\usdm000523\Drought_Areas_US_D0.shp "100 Feet"</Process><Process ToolSource="c:\program files (x86)\arcgis\desktop10.1\ArcToolbox\Toolboxes\Data Management Tools.tbx\CopyFeatures" Date="20130920" Time="020843">CopyFeatures \\seca\f\OperationalProcessing\DroughtMonitor\raw\NeedUpdate2\usdm000523\Drought_Areas_US_D0.shp \\seca\f\OperationalProcessing\DroughtMonitor\processed\20000523\20000523.gdb\usdm_D0_P # 0 0 0</Process><Process ToolSource="c:\program files (x86)\arcgis\desktop10.1\ArcToolbox\Toolboxes\Data Management Tools.tbx\Merge" Date="20130920" Time="020959">Merge \\seca\f\OperationalProcessing\DroughtMonitor\processed\20000523\20000523.gdb\usdm_D0_P;\\seca\f\OperationalProcessing\DroughtMonitor\processed\20000523\20000523.gdb\usdm_D1_P \\seca\f\OperationalProcessing\DroughtMonitor\processed\20000523\20000523.gdb\usdm_D0_M "Id "Id" true true false 4 Long 0 0 ,First,#,\\seca\f\OperationalProcessing\DroughtMonitor\processed\20000523\20000523.gdb\usdm_D0_P,Id,-1,-1,\\seca\f\OperationalProcessing\DroughtMonitor\processed\20000523\20000523.gdb\usdm_D1_P,Id,-1,-1;Shape_Length "Shape_Length" false true true 8 Double 0 0 ,First,#,\\seca\f\OperationalProcessing\DroughtMonitor\processed\20000523\20000523.gdb\usdm_D0_P,Shape_Length,-1,-1,\\seca\f\OperationalProcessing\DroughtMonitor\processed\20000523\20000523.gdb\usdm_D1_P,Shape_Length,-1,-1;Shape_Area "Shape_Area" false true true 8 Double 0 0 ,First,#,\\seca\f\OperationalProcessing\DroughtMonitor\processed\20000523\20000523.gdb\usdm_D0_P,Shape_Area,-1,-1,\\seca\f\OperationalProcessing\DroughtMonitor\processed\20000523\20000523.gdb\usdm_D1_P,Shape_Area,-1,-1"</Process><Process ToolSource="c:\program files (x86)\arcgis\desktop10.1\ArcToolbox\Toolboxes\Data Management Tools.tbx\Dissolve" Date="20130920" Time="021028">Dissolve \\seca\f\OperationalProcessing\DroughtMonitor\processed\20000523\20000523.gdb\usdm_D0_M \\seca\f\OperationalProcessing\DroughtMonitor\processed\20000523\20000523.gdb\usdm_D0_D # # MULTI_PART DISSOLVE_LINES</Process><Process ToolSource="c:\program files (x86)\arcgis\desktop10.1\ArcToolbox\Toolboxes\Data Management Tools.tbx\AddField" Date="20130920" Time="021119">AddField \\seca\f\OperationalProcessing\DroughtMonitor\processed\20000523\20000523.gdb\usdm_D0_D DM SHORT # # # "USDM Drought Level" NULLABLE NON_REQUIRED #</Process><Process ToolSource="c:\program files (x86)\arcgis\desktop10.1\ArcToolbox\Toolboxes\Data Management Tools.tbx\CalculateField" Date="20130920" Time="021134">CalculateField \\seca\f\OperationalProcessing\DroughtMonitor\processed\20000523\20000523.gdb\usdm_D0_D DM 0 PYTHON #</Process><Process ToolSource="c:\program files (x86)\arcgis\desktop10.1\ArcToolbox\Toolboxes\Analysis Tools.tbx\Erase" Date="20130920" Time="021204">Erase \\seca\f\OperationalProcessing\DroughtMonitor\processed\20000523\20000523.gdb\usdm_D0_D \\seca\f\OperationalProcessing\DroughtMonitor\processed\20000523\20000523.gdb\usdm_D1_D \\seca\f\OperationalProcessing\DroughtMonitor\processed\20000523\20000523.gdb\usdm_D0_E #</Process><Process ToolSource="c:\program files (x86)\arcgis\desktop10.1\ArcToolbox\Toolboxes\Data Management Tools.tbx\Merge" Date="20130920" Time="021252">Merge \\seca\f\OperationalProcessing\DroughtMonitor\processed\20000523\20000523.gdb\usdm_D0_E;\\seca\f\OperationalProcessing\DroughtMonitor\processed\20000523\20000523.gdb\usdm_D1_E;\\seca\f\OperationalProcessing\DroughtMonitor\processed\20000523\20000523.gdb\usdm_D2_E;\\seca\f\OperationalProcessing\DroughtMonitor\processed\20000523\20000523.gdb\usdm_D3_E;\\seca\f\OperationalProcessing\DroughtMonitor\processed\20000523\20000523.gdb\usdm_D4_D \\seca\f\OperationalProcessing\DroughtMonitor\processed\20000523\20000523.gdb\usdm_RAW_M "DM "USDM Drought Level" true true false 2 Short 0 0 ,First,#,\\seca\f\OperationalProcessing\DroughtMonitor\processed\20000523\20000523.gdb\usdm_D0_E,DM,-1,-1,\\seca\f\OperationalProcessing\DroughtMonitor\processed\20000523\20000523.gdb\usdm_D1_E,DM,-1,-1,\\seca\f\OperationalProcessing\DroughtMonitor\processed\20000523\20000523.gdb\usdm_D2_E,DM,-1,-1,\\seca\f\OperationalProcessing\DroughtMonitor\processed\20000523\20000523.gdb\usdm_D3_E,DM,-1,-1,\\seca\f\OperationalProcessing\DroughtMonitor\processed\20000523\20000523.gdb\usdm_D4_D,DM,-1,-1;Shape_Length "Shape_Length" false true true 8 Double 0 0 ,First,#,\\seca\f\OperationalProcessing\DroughtMonitor\processed\20000523\20000523.gdb\usdm_D0_E,Shape_Length,-1,-1,\\seca\f\OperationalProcessing\DroughtMonitor\processed\20000523\20000523.gdb\usdm_D1_E,Shape_Length,-1,-1,\\seca\f\OperationalProcessing\DroughtMonitor\processed\20000523\20000523.gdb\usdm_D2_E,Shape_Length,-1,-1,\\seca\f\OperationalProcessing\DroughtMonitor\processed\20000523\20000523.gdb\usdm_D3_E,Shape_Length,-1,-1,\\seca\f\OperationalProcessing\DroughtMonitor\processed\20000523\20000523.gdb\usdm_D4_D,Shape_Length,-1,-1;Shape_Area "Shape_Area" false true true 8 Double 0 0 ,First,#,\\seca\f\OperationalProcessing\DroughtMonitor\processed\20000523\20000523.gdb\usdm_D0_E,Shape_Area,-1,-1,\\seca\f\OperationalProcessing\DroughtMonitor\processed\20000523\20000523.gdb\usdm_D1_E,Shape_Area,-1,-1,\\seca\f\OperationalProcessing\DroughtMonitor\processed\20000523\20000523.gdb\usdm_D2_E,Shape_Area,-1,-1,\\seca\f\OperationalProcessing\DroughtMonitor\processed\20000523\20000523.gdb\usdm_D3_E,Shape_Area,-1,-1,\\seca\f\OperationalProcessing\DroughtMonitor\processed\20000523\20000523.gdb\usdm_D4_D,Shape_Area,-1,-1"</Process><Process ToolSource="c:\program files (x86)\arcgis\desktop10.1\ArcToolbox\Toolboxes\Analysis Tools.tbx\Clip" Date="20130920" Time="021335">Clip \\seca\f\OperationalProcessing\DroughtMonitor\processed\20000523\20000523.gdb\usdm_RAW_M \\seca\f\OperationalProcessing\DroughtMonitor\Basedata\counties_detailed.shp \\seca\f\OperationalProcessing\DroughtMonitor\processed\20000523\20000523.gdb\usdm_detailed_MC #</Process><Process ToolSource="c:\program files (x86)\arcgis\desktop10.1\ArcToolbox\Toolboxes\Data Management Tools.tbx\Project" Date="20130920" Time="023551">Project \\seca\f\OperationalProcessing\DroughtMonitor\processed\20000523\20000523.gdb\usdm_detailed_MC \\seca\f\OperationalProcessing\DroughtMonitor\data\shapefiles_m\USDM_20000523.shp GEOGCS['GCS_WGS_1984',DATUM['D_WGS_1984',SPHEROID['WGS_1984',6378137.0,298.257223563]],PRIMEM['Greenwich',0.0],UNIT['Degree',0.0174532925199433],METADATA['World',-180.0,-90.0,180.0,90.0,0.0,0.0174532925199433,0.0,1262]] WGS_1984_(ITRF00)_To_NAD_1983 PROJCS['USA_Contiguous_Albers_Equal_Area_Conic',GEOGCS['GCS_North_American_1983',DATUM['D_North_American_1983',SPHEROID['GRS_1980',6378137.0,298.257222101]],PRIMEM['Greenwich',0.0],UNIT['Degree',0.0174532925199433]],PROJECTION['Albers'],PARAMETER['False_Easting',0.0],PARAMETER['False_Northing',0.0],PARAMETER['central_meridian',-96.0],PARAMETER['Standard_Parallel_1',29.5],PARAMETER['Standard_Parallel_2',45.5],PARAMETER['latitude_of_origin',37.5],UNIT['Meter',1.0]]</Process></lineage><itemProps><itemName Sync="TRUE">usdm_detailed_MC</itemName><imsContentType Sync="TRUE">002</imsContentType><itemLocation><linkage Sync="TRUE">file://\\seca\f\OperationalProcessing\DroughtMonitor\processed\20000523\20000523.gdb</linkage><protocol Sync="TRUE">Local Area Network</protocol></itemLocation></itemProps><coordRef><type Sync="TRUE">Projected</type><geogcsn Sync="TRUE">GCS_North_American_1983</geogcsn><csUnits Sync="TRUE">Linear Unit: Meter (1.000000)</csUnits><projcsn Sync="TRUE">USA_Contiguous_Albers_Equal_Area_Conic</projcsn><peXml Sync="TRUE">&lt;ProjectedCoordinateSystem xsi:type='typens:ProjectedCoordinateSystem' xmlns:xsi='http://www.w3.org/2001/XMLSchema-instance' xmlns:xs='http://www.w3.org/2001/XMLSchema' xmlns:typens='http://www.esri.com/schemas/ArcGIS/10.1'&gt;&lt;WKT&gt;PROJCS[&amp;quot;USA_Contiguous_Albers_Equal_Area_Conic&amp;quot;,GEOGCS[&amp;quot;GCS_North_American_1983&amp;quot;,DATUM[&amp;quot;D_North_American_1983&amp;quot;,SPHEROID[&amp;quot;GRS_1980&amp;quot;,6378137.0,298.257222101]],PRIMEM[&amp;quot;Greenwich&amp;quot;,0.0],UNIT[&amp;quot;Degree&amp;quot;,0.0174532925199433]],PROJECTION[&amp;quot;Albers&amp;quot;],PARAMETER[&amp;quot;False_Easting&amp;quot;,0.0],PARAMETER[&amp;quot;False_Northing&amp;quot;,0.0],PARAMETER[&amp;quot;central_meridian&amp;quot;,-96.0],PARAMETER[&amp;quot;Standard_Parallel_1&amp;quot;,29.5],PARAMETER[&amp;quot;Standard_Parallel_2&amp;quot;,45.5],PARAMETER[&amp;quot;latitude_of_origin&amp;quot;,37.5],UNIT[&amp;quot;Meter&amp;quot;,1.0],AUTHORITY[&amp;quot;ESRI&amp;quot;,102003]]&lt;/WKT&gt;&lt;XOrigin&gt;-16901100&lt;/XOrigin&gt;&lt;YOrigin&gt;-8579000&lt;/YOrigin&gt;&lt;XYScale&gt;10000&lt;/XYScale&gt;&lt;ZOrigin&gt;-100000&lt;/ZOrigin&gt;&lt;ZScale&gt;10000&lt;/ZScale&gt;&lt;MOrigin&gt;-100000&lt;/MOrigin&gt;&lt;MScale&gt;10000&lt;/MScale&gt;&lt;XYTolerance&gt;0.001&lt;/XYTolerance&gt;&lt;ZTolerance&gt;0.001&lt;/ZTolerance&gt;&lt;MTolerance&gt;0.001&lt;/MTolerance&gt;&lt;HighPrecision&gt;true&lt;/HighPrecision&gt;&lt;WKID&gt;102003&lt;/WKID&gt;&lt;LatestWKID&gt;102003&lt;/LatestWKID&gt;&lt;/ProjectedCoordinateSystem&gt;</peXml></coordRef></DataProperties><ArcGISFormat>1.0</ArcGISFormat></Esri><idinfo><citation><citeinfo><onlink Sync="TRUE">\\SNR-0812\D$\DM\2000\drmon0523\Drought_Areas_US_D0.shp</onlink><origin>REQUIRED: The name of an organization or individual that developed the data set.</origin><pubdate>REQUIRED: The date when the data set is published or otherwise made available for release.</pubdate><title Sync="TRUE">Drought_Areas_US_D0</title><ftname Sync="TRUE">Drought_Areas_US_D0</ftname><geoform Sync="TRUE">vector digital data</geoform></citeinfo></citation><native Sync="TRUE">Microsoft Windows XP Version 5.1 (Build 2600) Service Pack 3; ESRI ArcCatalog 9.2.2.1350</native><descript><langdata Sync="TRUE">en</langdata><abstract>REQUIRED: A brief narrative summary of the data set.</abstract><purpose>REQUIRED: A summary of the intentions with which the data set was developed.</purpose></descript><timeperd><current>REQUIRED: The basis on which the time period of content information is determined.</current><timeinfo><sngdate><caldate>REQUIRED: The year (and optionally month, or month and day) for which the data set corresponds to the ground.</caldate></sngdate></timeinfo></timeperd><status><progress>REQUIRED: The state of the data set.</progress><update>REQUIRED: The frequency with which changes and additions are made to the data set after the initial data set is completed.</update></status><spdom><bounding><westbc Sync="TRUE">-166.910252</westbc><eastbc Sync="TRUE">-53.569736</eastbc><northbc Sync="TRUE">51.024123</northbc><southbc Sync="TRUE">5.245005</southbc></bounding><lboundng><leftbc Sync="TRUE">-6304253.294706</leftbc><rightbc Sync="TRUE">3264589.876953</rightbc><bottombc Sync="TRUE">-1627600.371191</bottombc><topbc Sync="TRUE">1502722.443743</topbc></lboundng></spdom><keywords><theme><themekt>REQUIRED: Reference to a formally registered thesaurus or a similar authoritative source of theme keywords.</themekt><themekey>REQUIRED: Common-use word or phrase used to describe the subject of the data set.</themekey></theme></keywords><accconst>REQUIRED: Restrictions and legal prerequisites for accessing the data set.</accconst><useconst>REQUIRED: Restrictions and legal prerequisites for using the data set after access is granted.</useconst><natvform Sync="TRUE">Shapefile</natvform></idinfo><distInfo><distributor><distorTran><onLineSrc><linkage Sync="TRUE">file://\\SNR-0812\D$\DM\2000\drmon0523\Drought_Areas_US_D0.shp</linkage><protocol Sync="TRUE">Local Area Network</protocol><orDesc Sync="TRUE">002</orDesc></onLineSrc><transSize Sync="TRUE">1.239</transSize></distorTran><distorFormat><formatName Sync="TRUE">Shapefile</formatName></distorFormat></distributor><distFormat><formatName Sync="TRUE">File Geodatabase Feature Class</formatName></distFormat></distInfo><dataqual><lineage><procstep><procdesc Sync="TRUE">Dataset copied.</procdesc><srcused Sync="TRUE">D:\DM\2003\drmon1223\Drought_Areas_US_D0</srcused><date Sync="TRUE">20070124</date><time Sync="TRUE">16002300</time></procstep><procstep><procdesc Sync="TRUE">Dataset copied.</procdesc><srcused Sync="TRUE">D:\DM\2001\drmon0807\Drought_Areas_US_D0</srcused><date Sync="TRUE">20071205</date><time Sync="TRUE">12000900</time></procstep><procstep><procdesc Sync="TRUE">Dataset copied.</procdesc><srcused Sync="TRUE">D:\DM\2001\drmon0821\Drought_Areas_US_D0</srcused><date Sync="TRUE">20071205</date><time Sync="TRUE">13382800</time></procstep><procstep><procdesc Sync="TRUE">Dataset copied.</procdesc><srcused Sync="TRUE">D:\DM\2001\drmon0814\Drought_Areas_US_D0</srcused><date Sync="TRUE">20071206</date><time Sync="TRUE">12582000</time></procstep><procstep><procdesc Sync="TRUE">Dataset copied.</procdesc><srcused Sync="TRUE">D:\DM\2001\drmon0807\Drought_Areas_US_D0</srcused><date Sync="TRUE">20071207</date><time Sync="TRUE">10185500</time></procstep><procstep><procdesc Sync="TRUE">Dataset copied.</procdesc><srcused Sync="TRUE">D:\DM\2001\drmon0731\Drought_Areas_US_D0</srcused><date Sync="TRUE">20071207</date><time Sync="TRUE">12065500</time></procstep><procstep><procdesc Sync="TRUE">Dataset copied.</procdesc><srcused Sync="TRUE">D:\DM\2001\drmon0724\Drought_Areas_US_D0</srcused><date Sync="TRUE">20071207</date><time Sync="TRUE">14140500</time></procstep><procstep><procdesc Sync="TRUE">Dataset copied.</procdesc><srcused Sync="TRUE">D:\DM\2001\drmon0717\Drought_Areas_US_D0</srcused><date Sync="TRUE">20071207</date><time Sync="TRUE">15085400</time></procstep><procstep><procdesc Sync="TRUE">Dataset copied.</procdesc><srcused Sync="TRUE">D:\DM\2001\drmon0710\Drought_Areas_US_D0</srcused><date Sync="TRUE">20071210</date><time Sync="TRUE">14315400</time></procstep><procstep><procdesc Sync="TRUE">Dataset copied.</procdesc><srcused Sync="TRUE">D:\DM\2001\drmon0703\Drought_Areas_US_D0</srcused><date Sync="TRUE">20071210</date><time Sync="TRUE">15172400</time></procstep><procstep><procdesc Sync="TRUE">Dataset copied.</procdesc><srcused Sync="TRUE">D:\DM\2001\drmon0626\Drought_Areas_US_D0</srcused><date Sync="TRUE">20071211</date><time Sync="TRUE">14232800</time></procstep><procstep><procdesc Sync="TRUE">Dataset copied.</procdesc><srcused Sync="TRUE">D:\DM\2001\drmon0619\Drought_Areas_US_D0</srcused><date Sync="TRUE">20071211</date><time Sync="TRUE">14543100</time></procstep><procstep><procdesc Sync="TRUE">Dataset copied.</procdesc><srcused Sync="TRUE">D:\DM\2001\drmon0612\Drought_Areas_US_D0</srcused><date Sync="TRUE">20071212</date><time Sync="TRUE">12590200</time></procstep><procstep><procdesc Sync="TRUE">Dataset copied.</procdesc><srcused Sync="TRUE">D:\DM\2001\drmon0605\Drought_Areas_US_D0</srcused><date Sync="TRUE">20071212</date><time Sync="TRUE">14131700</time></procstep><procstep><procdesc Sync="TRUE">Dataset copied.</procdesc><srcused Sync="TRUE">D:\DM\2001\drmon0529\Drought_Areas_US_D0</srcused><date Sync="TRUE">20071212</date><time Sync="TRUE">15080800</time></procstep><procstep><procdesc Sync="TRUE">Dataset copied.</procdesc><srcused Sync="TRUE">D:\DM\2001\drmon0522\Drought_Areas_US_D0</srcused><date Sync="TRUE">20071212</date><time Sync="TRUE">16443200</time></procstep><procstep><procdesc Sync="TRUE">Dataset copied.</procdesc><srcused Sync="TRUE">D:\DM\2001\drmon0515\Drought_Areas_US_D0</srcused><date Sync="TRUE">20071213</date><time Sync="TRUE">10302000</time></procstep><procstep><procdesc Sync="TRUE">Dataset copied.</procdesc><srcused Sync="TRUE">D:\DM\2001\drmon0508\Drought_Areas_US_D0</srcused><date Sync="TRUE">20071213</date><time Sync="TRUE">11201000</time></procstep><procstep><procdesc Sync="TRUE">Dataset copied.</procdesc><srcused Sync="TRUE">D:\DM\2001\drmon0501\Drought_Areas_US_D0</srcused><date Sync="TRUE">20071213</date><time Sync="TRUE">12582700</time></procstep><procstep><procdesc Sync="TRUE">Dataset copied.</procdesc><srcused Sync="TRUE">D:\DM\2001\drmon0424\Drought_Areas_US_D0</srcused><date Sync="TRUE">20071213</date><time Sync="TRUE">14223000</time></procstep><procstep><procdesc Sync="TRUE">Dataset copied.</procdesc><srcused Sync="TRUE">D:\DM\2001\drmon0417\Drought_Areas_US_D0</srcused><date Sync="TRUE">20071213</date><time Sync="TRUE">14592600</time></procstep><procstep><procdesc Sync="TRUE">Dataset copied.</procdesc><srcused Sync="TRUE">D:\DM\2001\drmon0410\Drought_Areas_US_D0</srcused><date Sync="TRUE">20071213</date><time Sync="TRUE">15454600</time></procstep><procstep><procdesc Sync="TRUE">Dataset copied.</procdesc><srcused Sync="TRUE">D:\DM\2001\drmon0403\Drought_Areas_US_D0</srcused><date Sync="TRUE">20071214</date><time Sync="TRUE">10353000</time></procstep><procstep><procdesc Sync="TRUE">Dataset copied.</procdesc><srcused Sync="TRUE">D:\DM\2001\drmon0327\Drought_Areas_US_D0</srcused><date Sync="TRUE">20071214</date><time Sync="TRUE">11252900</time></procstep><procstep><procdesc Sync="TRUE">Dataset copied.</procdesc><srcused Sync="TRUE">D:\DM\2001\drmon0320\Drought_Areas_US_D0</srcused><date Sync="TRUE">20071214</date><time Sync="TRUE">11523400</time></procstep><procstep><procdesc Sync="TRUE">Dataset copied.</procdesc><srcused Sync="TRUE">D:\DM\2001\drmon0313\Drought_Areas_US_D0</srcused><date Sync="TRUE">20071214</date><time Sync="TRUE">13493900</time></procstep><procstep><procdesc Sync="TRUE">Dataset copied.</procdesc><srcused Sync="TRUE">D:\DM\2001\drmon0306\Drought_Areas_US_D0</srcused><date Sync="TRUE">20071214</date><time Sync="TRUE">14364400</time></procstep><procstep><procdesc Sync="TRUE">Dataset copied.</procdesc><srcused Sync="TRUE">D:\DM\2001\drmon0227\Drought_Areas_US_D0</srcused><date Sync="TRUE">20071214</date><time Sync="TRUE">15080500</time></procstep><procstep><procdesc Sync="TRUE">Dataset copied.</procdesc><srcused Sync="TRUE">D:\DM\2001\drmon0220\Drought_Areas_US_D0</srcused><date Sync="TRUE">20071214</date><time Sync="TRUE">16085200</time></procstep><procstep><procdesc Sync="TRUE">Dataset copied.</procdesc><srcused Sync="TRUE">D:\DM\2001\drmon0213\Drought_Areas_US_D0</srcused><date Sync="TRUE">20071217</date><time Sync="TRUE">13332800</time></procstep><procstep><procdesc Sync="TRUE">Dataset copied.</procdesc><srcused Sync="TRUE">D:\DM\2001\drmon0206\Drought_Areas_US_D0</srcused><date Sync="TRUE">20071217</date><time Sync="TRUE">14434200</time></procstep><procstep><procdesc Sync="TRUE">Dataset copied.</procdesc><srcused Sync="TRUE">D:\DM\2001\drmon0130\Drought_Areas_US_D0</srcused><date Sync="TRUE">20071217</date><time Sync="TRUE">15325100</time></procstep><procstep><procdesc Sync="TRUE">Dataset copied.</procdesc><srcused Sync="TRUE">D:\DM\2001\drmon0123\Drought_Areas_US_D0</srcused><date Sync="TRUE">20071218</date><time Sync="TRUE">11493300</time></procstep><procstep><procdesc Sync="TRUE">Dataset copied.</procdesc><srcused Sync="TRUE">D:\DM\2001\drmon0116\Drought_Areas_US_D0</srcused><date Sync="TRUE">20071218</date><time Sync="TRUE">13505900</time></procstep><procstep><procdesc Sync="TRUE">Dataset copied.</procdesc><srcused Sync="TRUE">D:\DM\2001\drmon0109\Drought_Areas_US_D0</srcused><date Sync="TRUE">20071218</date><time Sync="TRUE">14201700</time></procstep><procstep><procdesc Sync="TRUE">Dataset copied.</procdesc><srcused Sync="TRUE">D:\DM\2001\drmon0102\Drought_Areas_US_D0</srcused><date Sync="TRUE">20071218</date><time Sync="TRUE">15223300</time></procstep><procstep><procdesc Sync="TRUE">Dataset copied.</procdesc><srcused Sync="TRUE">D:\DM\2000\drmon1226\Drought_Areas_US_D0</srcused><date Sync="TRUE">20080116</date><time Sync="TRUE">12503100</time></procstep><procstep><procdesc Sync="TRUE">Dataset copied.</procdesc><srcused Sync="TRUE">D:\DM\2000\drmon1219\Drought_Areas_US_D0</srcused><date Sync="TRUE">20080116</date><time Sync="TRUE">15090200</time></procstep><procstep><procdesc Sync="TRUE">Dataset copied.</procdesc><srcused Sync="TRUE">D:\DM\2000\drmon1212\Drought_Areas_US_D0</srcused><date Sync="TRUE">20080117</date><time Sync="TRUE">10373700</time></procstep><procstep><procdesc Sync="TRUE">Dataset copied.</procdesc><srcused Sync="TRUE">D:\DM\2000\drmon1205\Drought_Areas_US_D0</srcused><date Sync="TRUE">20080117</date><time Sync="TRUE">11381800</time></procstep><procstep><procdesc Sync="TRUE">Dataset copied.</procdesc><srcused Sync="TRUE">D:\DM\2000\drmon1128\Drought_Areas_US_D0</srcused><date Sync="TRUE">20080117</date><time Sync="TRUE">12231000</time></procstep><procstep><procdesc Sync="TRUE">Dataset copied.</procdesc><srcused Sync="TRUE">D:\DM\2000\drmon1121\Drought_Areas_US_D0</srcused><date Sync="TRUE">20080117</date><time Sync="TRUE">14314400</time></procstep><procstep><procdesc Sync="TRUE">Dataset copied.</procdesc><srcused Sync="TRUE">D:\DM\2000\drmon1114\Drought_Areas_US_D0</srcused><date Sync="TRUE">20080129</date><time Sync="TRUE">11252000</time></procstep><procstep><procdesc Sync="TRUE">Dataset copied.</procdesc><srcused Sync="TRUE">D:\DM\2000\drmon1107\Drought_Areas_US_D0</srcused><date Sync="TRUE">20080129</date><time Sync="TRUE">16040600</time></procstep><procstep><procdesc Sync="TRUE">Dataset copied.</procdesc><srcused Sync="TRUE">D:\DM\2000\drmon1031\Drought_Areas_US_D0</srcused><date Sync="TRUE">20080130</date><time Sync="TRUE">14553700</time></procstep><procstep><procdesc Sync="TRUE">Dataset copied.</procdesc><srcused Sync="TRUE">D:\DM\2000\drmon1024\Drought_Areas_US_D0</srcused><date Sync="TRUE">20080130</date><time Sync="TRUE">16095600</time></procstep><procstep><procdesc Sync="TRUE">Dataset copied.</procdesc><srcused Sync="TRUE">D:\DM\2000\drmon1017\Drought_Areas_US_D0</srcused><date Sync="TRUE">20080131</date><time Sync="TRUE">11544600</time></procstep><procstep><procdesc Sync="TRUE">Dataset copied.</procdesc><srcused Sync="TRUE">D:\DM\2000\drmon1010\Drought_Areas_US_D0</srcused><date Sync="TRUE">20080131</date><time Sync="TRUE">15364100</time></procstep><procstep><procdesc Sync="TRUE">Dataset copied.</procdesc><srcused Sync="TRUE">D:\DM\2000\drmon1003\Drought_Areas_US_D0</srcused><date Sync="TRUE">20080201</date><time Sync="TRUE">14352800</time></procstep><procstep><procdesc Sync="TRUE">Dataset copied.</procdesc><srcused Sync="TRUE">D:\DM\2000\drmon0926\Drought_Areas_US_D0</srcused><date Sync="TRUE">20080211</date><time Sync="TRUE">11421500</time></procstep><procstep><procdesc Sync="TRUE">Dataset copied.</procdesc><srcused Sync="TRUE">D:\DM\2000\drmon0919\Drought_Areas_US_D0</srcused><date Sync="TRUE">20080211</date><time Sync="TRUE">14104100</time></procstep><procstep><procdesc Sync="TRUE">Dataset copied.</procdesc><srcused Sync="TRUE">D:\DM\2000\drmon0912\Drought_Areas_US_D0</srcused><date Sync="TRUE">20080213</date><time Sync="TRUE">09484700</time></procstep><procstep><procdesc Sync="TRUE">Dataset copied.</procdesc><srcused Sync="TRUE">D:\DM\2000\drmon0905\Drought_Areas_US_D0</srcused><date Sync="TRUE">20080213</date><time Sync="TRUE">10371900</time></procstep><procstep><procdesc Sync="TRUE">Dataset copied.</procdesc><srcused Sync="TRUE">D:\DM\2000\drmon0829\Drought_Areas_US_D0</srcused><date Sync="TRUE">20080213</date><time Sync="TRUE">17072800</time></procstep><procstep><procdesc Sync="TRUE">Dataset copied.</procdesc><srcused Sync="TRUE">D:\DM\2000\drmon0822\Drought_Areas_US_D0</srcused><date Sync="TRUE">20080214</date><time Sync="TRUE">10504400</time></procstep><procstep><procdesc Sync="TRUE">Dataset copied.</procdesc><srcused Sync="TRUE">D:\DM\2000\drmon0815\Drought_Areas_US_D0</srcused><date Sync="TRUE">20080215</date><time Sync="TRUE">09544500</time></procstep><procstep><procdesc Sync="TRUE">Dataset copied.</procdesc><srcused Sync="TRUE">D:\DM\2000\drmon0808\Drought_Areas_US_D0</srcused><date Sync="TRUE">20080215</date><time Sync="TRUE">10430600</time></procstep><procstep><procdesc Sync="TRUE">Dataset copied.</procdesc><srcused Sync="TRUE">D:\DM\2000\drmon0801\Drought_Areas_US_D0</srcused><date Sync="TRUE">20080215</date><time Sync="TRUE">11534400</time></procstep><procstep><procdesc Sync="TRUE">Dataset copied.</procdesc><srcused Sync="TRUE">D:\DM\2000\drmon0725\Drought_Areas_US_D0</srcused><date Sync="TRUE">20080218</date><time Sync="TRUE">10453100</time></procstep><procstep><procdesc Sync="TRUE">Dataset copied.</procdesc><srcused Sync="TRUE">D:\DM\2000\drmon0718\Drought_Areas_US_D0</srcused><date Sync="TRUE">20080218</date><time Sync="TRUE">14055100</time></procstep><procstep><procdesc Sync="TRUE">Dataset copied.</procdesc><srcused Sync="TRUE">D:\DM\2000\drmon0711\Drought_Areas_US_D0</srcused><date Sync="TRUE">20080219</date><time Sync="TRUE">11225300</time></procstep><procstep><procdesc Sync="TRUE">Dataset copied.</procdesc><srcused Sync="TRUE">D:\DM\2000\drmon0704\Drought_Areas_US_D0</srcused><date Sync="TRUE">20080219</date><time Sync="TRUE">12505100</time></procstep><procstep><procdesc Sync="TRUE">Dataset copied.</procdesc><srcused Sync="TRUE">D:\DM\2000\drmon0627\Drought_Areas_US_D0</srcused><date Sync="TRUE">20080219</date><time Sync="TRUE">14562600</time></procstep><procstep><procdesc Sync="TRUE">Dataset copied.</procdesc><srcused Sync="TRUE">D:\DM\2000\drmon0620\Drought_Areas_US_D0</srcused><date Sync="TRUE">20080220</date><time Sync="TRUE">10280700</time></procstep><procstep><procdesc Sync="TRUE">Dataset copied.</procdesc><srcused Sync="TRUE">D:\DM\2000\drmon0613\Drought_Areas_US_D0</srcused><date Sync="TRUE">20080220</date><time Sync="TRUE">11035700</time></procstep><procstep><procdesc Sync="TRUE">Dataset copied.</procdesc><srcused Sync="TRUE">D:\DM\2000\drmon0606\Drought_Areas_US_D0</srcused><date Sync="TRUE">20080220</date><time Sync="TRUE">12092600</time></procstep><procstep><procdesc Sync="TRUE">Dataset copied.</procdesc><srcused Sync="TRUE">D:\DM\2000\drmon0530\Drought_Areas_US_D0</srcused><date Sync="TRUE">20080220</date><time Sync="TRUE">14450700</time></procstep></lineage></dataqual><dataIdInfo><envirDesc Sync="TRUE">Microsoft Windows 7 Version 6.1 (Build 7601) Service Pack 1; Esri ArcGIS 10.1.0.3035</envirDesc><dataLang><languageCode Sync="TRUE" value="eng"></languageCode><countryCode value="USA" Sync="TRUE"></countryCode></dataLang><idCitation><resTitle Sync="TRUE">usdm_detailed_MC</resTitle><presForm><PresFormCd Sync="TRUE" value="005"></PresFormCd></presForm></idCitation><spatRpType><SpatRepTypCd Sync="TRUE" value="001"></SpatRepTypCd></spatRpType><dataExt><geoEle><GeoBndBox esriExtentType="native"><westBL Sync="TRUE">-6304253.294706</westBL><eastBL Sync="TRUE">3264589.876953</eastBL><northBL Sync="TRUE">1502722.443743</northBL><southBL Sync="TRUE">-1627600.371191</southBL><exTypeCode Sync="TRUE">1</exTypeCode></GeoBndBox></geoEle></dataExt><geoBox esriExtentType="decdegrees"><westBL Sync="TRUE">-166.910252</westBL><eastBL Sync="TRUE">-53.569736</eastBL><northBL Sync="TRUE">51.024123</northBL><southBL Sync="TRUE">5.245005</southBL><exTypeCode Sync="TRUE">1</exTypeCode></geoBox></dataIdInfo><metainfo><langmeta Sync="TRUE">en</langmeta><metstdn Sync="TRUE">FGDC Content Standards for Digital Geospatial Metadata</metstdn><metstdv Sync="TRUE">FGDC-STD-001-1998</metstdv><mettc Sync="TRUE">local time</mettc><metc><cntinfo><cntorgp><cntper>REQUIRED: The person responsible for the metadata information.</cntper><cntorg>REQUIRED: The organization responsible for the metadata information.</cntorg></cntorgp><cntaddr><addrtype>REQUIRED: The mailing and/or physical address for the organization or individual.</addrtype><city>REQUIRED: The city of the address.</city><state>REQUIRED: The state or province of the address.</state><postal>REQUIRED: The ZIP or other postal code of the address.</postal></cntaddr><cntvoice>REQUIRED: The telephone number by which individuals can speak to the organization or individual.</cntvoice></cntinfo></metc><metd Sync="TRUE">20090313</metd></metainfo><mdLang><languageCode Sync="TRUE" value="eng"></languageCode><countryCode value="USA" Sync="TRUE"></countryCode></mdLang><mdStanName Sync="TRUE">ISO 19115 Geographic Information - Metadata</mdStanName><mdStanVer Sync="TRUE">DIS_ESRI1.0</mdStanVer><mdChar><CharSetCd Sync="TRUE" value="004"></CharSetCd></mdChar><mdHrLv><ScopeCd Sync="TRUE" value="005"></ScopeCd></mdHrLv><mdHrLvName Sync="TRUE">dataset</mdHrLvName><distinfo><resdesc Sync="TRUE">Downloadable Data</resdesc><stdorder><digform><digtinfo><transize Sync="TRUE">1.239</transize><dssize Sync="TRUE">1.239</dssize></digtinfo></digform></stdorder></distinfo><spdoinfo><direct Sync="TRUE">Vector</direct><ptvctinf><esriterm Name="usdm_detailed_MC"><efeatyp Sync="TRUE">Simple</efeatyp><efeageom code="4" Sync="TRUE"></efeageom><esritopo Sync="TRUE">FALSE</esritopo><efeacnt Sync="TRUE">0</efeacnt><spindex Sync="TRUE">TRUE</spindex><linrefer Sync="TRUE">FALSE</linrefer></esriterm></ptvctinf></spdoinfo><spref><horizsys><cordsysn><geogcsn Sync="TRUE">GCS_North_American_1983</geogcsn><projcsn Sync="TRUE">USA_Contiguous_Albers_Equal_Area_Conic</projcsn></cordsysn><planar><planci><plance Sync="TRUE">coordinate pair</plance><plandu Sync="TRUE">meters</plandu><coordrep><absres Sync="TRUE">0.000000</absres><ordres Sync="TRUE">0.000000</ordres></coordrep></planci></planar><geodetic><horizdn Sync="TRUE">North American Datum of 1983</horizdn><ellips Sync="TRUE">Geodetic Reference System 80</ellips><semiaxis Sync="TRUE">6378137.000000</semiaxis><denflat Sync="TRUE">298.257222</denflat></geodetic></horizsys></spref><refSysInfo><RefSystem><refSysID><identCode Sync="TRUE" value="102003">USA_Contiguous_Albers_Equal_Area_Conic</identCode><idCodeSpace Sync="TRUE">ESRI</idCodeSpace><idVersion Sync="TRUE">10.1.0</idVersion></refSysID></RefSystem></refSysInfo><spatRepInfo><VectSpatRep><geometObjs Name="usdm_detailed_MC"><geoObjTyp><GeoObjTypCd value="002" Sync="TRUE"></GeoObjTypCd></geoObjTyp><geoObjCnt Sync="TRUE">0</geoObjCnt></geometObjs><topLvl><TopoLevCd value="001" Sync="TRUE"></TopoLevCd></topLvl></VectSpatRep></spatRepInfo><eainfo><detailed Name="usdm_detailed_MC"><enttyp><enttypl Sync="TRUE">usdm_detailed_MC</enttypl><enttypt Sync="TRUE">Feature Class</enttypt><enttypc Sync="TRUE">0</enttypc></enttyp><attr><attrlabl Sync="TRUE">OBJECTID</attrlabl><attalias Sync="TRUE">OBJECTID</attalias><attrtype Sync="TRUE">OID</attrtype><attwidth Sync="TRUE">4</attwidth><atprecis Sync="TRUE">0</atprecis><attscale Sync="TRUE">0</attscale><attrdef Sync="TRUE">Internal feature number.</attrdef><attrdefs Sync="TRUE">Esri</attrdefs><attrdomv><udom Sync="TRUE">Sequential unique whole numbers that are automatically generated.</udom></attrdomv></attr><attr><attrlabl Sync="TRUE">Shape</attrlabl><attalias Sync="TRUE">Shape</attalias><attrtype Sync="TRUE">Geometry</attrtype><attwidth Sync="TRUE">0</attwidth><atprecis Sync="TRUE">0</atprecis><attscale Sync="TRUE">0</attscale><attrdef Sync="TRUE">Feature geometry.</attrdef><attrdefs Sync="TRUE">ESRI</attrdefs><attrdomv><udom Sync="TRUE">Coordinates defining the features.</udom></attrdomv></attr><attr><attrlabl Sync="TRUE">DM</attrlabl><attalias Sync="TRUE">USDM Drought Level</attalias><attrtype Sync="TRUE">SmallInteger</attrtype><attwidth Sync="TRUE">2</attwidth><atprecis Sync="TRUE">0</atprecis><attscale Sync="TRUE">0</attscale></attr><attr><attrlabl Sync="TRUE">Shape_Length</attrlabl><attalias Sync="TRUE">Shape_Length</attalias><attrtype Sync="TRUE">Double</attrtype><attwidth Sync="TRUE">8</attwidth><atprecis Sync="TRUE">0</atprecis><attscale Sync="TRUE">0</attscale><attrdef Sync="TRUE">Length of feature in internal units.</attrdef><attrdefs Sync="TRUE">Esri</attrdefs><attrdomv><udom Sync="TRUE">Positive real numbers that are automatically generated.</udom></attrdomv></attr><attr><attrlabl Sync="TRUE">Shape_Area</attrlabl><attalias Sync="TRUE">Shape_Area</attalias><attrtype Sync="TRUE">Double</attrtype><attwidth Sync="TRUE">8</attwidth><atprecis Sync="TRUE">0</atprecis><attscale Sync="TRUE">0</attscale><attrdef Sync="TRUE">Area of feature in internal units squared.</attrdef><attrdefs Sync="TRUE">Esri</attrdefs><attrdomv><udom Sync="TRUE">Positive real numbers that are automatically generated.</udom></attrdomv></attr></detailed></eainfo><mdDateSt Sync="TRUE">20130920</mdDateSt></metadata>
